raw_entry,firstname,firstname_variant,familyname,familyname_variant,alias,relation,zusatz,office,institution,reference,cf_reference,pages
Abelinus Vanderlinden 37.,Abelinus,,Vanderlinden,,,,,,,,,37
Abraham Abrahe de Nouacuria 43 243 309.,Abraham Abrahe,,de Nouacuria,,,,,,,,,43 243 309
Achacius Berolczhaimer 5.,Achacius,,Berolczhaimer,,,,,,,,,5
Adalheidis Heinrici 123.,Adalheidis,,Heinrici,,,,,,,,,123
Adam Andree de Syrnycze 37.,Adam Andree,,de Syrnycze,,,,,,,,,37
Adam de Gich 275.,Adam,,de Gich,,,,,,,,,275
Adam de Neseticz 168.,Adam,,de Neseticz,,,,,,,,,168
"Adam Nicolai de Banchow (Banchcow, Bankow) 37 289.",Adam Nicolai,,de Banchow,"Banchcow, Bankow",,,,,,,,37 289
Adehildis Ollificis 37.,Adehildis,,Ollificis,,,,,,,,,37
Adelheidis Johannis de Mulnheim 37.,Adelheidis Johannis,,de Mulnheim,,,,,,,,,37
Adolffus com. de Nassow 38.,Adolffus,,,,,,,com. de Nassow,,,,38
Adolphus Bomel 38.,Adolphus,,Bomel,,,,,,,,,38
Adolphus Bruwer 38.,Adolphus,,Bruwer,,,,,,,,,38
Adolphus com. de Cliuis et de Marka 79 130.,Adolphus,,,,,,,com. de Cliuis et de Marka,,,,79 130
Adolphus Vandenbleeck 38.,Adolphus,,Vandenbleeck,,,,,,,,,38
Adouardus de Tornaquintis 261.,Adouardus,,de Tornaquintis,,,,,,,,,261
Aelidis (Seerf) 114.,Aelidis,,,,,,Seerf,,,,,114
Affra (de Weyspruch) 110.,Affra,,,,,,de Weyspruch,,,,,110
Affra (Han) 74.,Affra,,,,,,Han,,,,,74
Agatha de Vsenberg 38.,Agatha,,de Vsenberg,,,,,,,,,38
Agnes (bar. de Meissaw) 301.,Agnes,,,,,,bar. de Meissaw,,,,,301
Agnes (bar. de Querfurt) 322.,Agnes,,,,,,bar. de Querfurt,,,,,322
Agnes (Berolczhaimer) 5.,Agnes,,,,,,Berolczhaimer,,,,,5
Agnes (Falkinberg) 286.,Agnes,Falkinberg,,,,,,,,,,286
Agnes (Grolant) 211.,Agnes,,,,,,Grolant,,,,,211
Agnes (Heyncze de Brega) 311.,Agnes,,,,,,Heyncze de Brega,,,,,311
Agnes (Hospes) 358.,Agnes,,,,,,Hospes,,,,,358
Agnes (Mulle) 353.,Agnes,,,,,,Mulle,,,,,353
Agnes (Schenck de Erbach) 105.,Agnes,,,,,,Schenck de Erbach,,,,,105
Agnes (Swebichin) 245.,Agnes,,,,,,Swebichin,,,,,245
Agnes (Theoderici de Blankenstein) 294.,Agnes,,,,,,Theoderici de Blankenstein,,,,,294
Agnes (Vogt de Beringen) 320.,Agnes,,,,,,Vogt de Beringen,,,,,320
Agnes abbat. mon. in Kirchen 184.,Agnes,,,,,,,abbat.,mon. in Kirchen,,,184
Agnes Podich 233.,Agnes,,Podich,,,,,,,,,233
Agnes regina Vngarie 59.,Agnes,,,,,,,regina Vngarie,,,,59
Agnes relictæ Herbordi Kuykens de Tremonia 38.,Agnes,,,,,relictæ Herbordi Kuykens de Tremonia,,,,,,38
Agnes relictæ Leonardi Payrs 38.,Agnes,,,,,relictæ Leonardi Payrs,,,,,,38
Alamannus tit. s. Eusebii presb. card. 39.,Alamannus,,,,,,,tit. s. Eusebii presb. card.,,,,39
Albericus archidiac. Poznan. 5.,Albericus,,,,,,,archidiac. Poznan.,,,,5
Albertus abb. mon. in Sitich 6.,Albertus,,,,,,,abb.,mon. in Sitich,,,6
Albertus abb. mon. s. Michaelis Hildesem. 40.,Albertus,,,,,,,abb.,mon. s. Michaelis Hildesem.,,,40
Albertus aep. Magdeb. 139.,Albertus,,,,,,,aep. Magdeb.,,,,139
Albertus Appelderbeke 40.,Albertus,,Appelderbeke,,,,,,,,,40
Albertus bar. in Koldicz (Coldicz) 28 41.,Albertus,,,,,,Coldicz,bar. in Koldicz,,,,28 41
Albertus Bere 40 41.,Albertus,,Bere,,,,,,,,,40 41
Albertus Beyer al. Steneken 40.,Albertus,,Beyer,,Steneken,,,,,,,40
Albertus Blarer 30 41 191 214 300 309 326 360.,Albertus,,Blarer,,,,,,,,,30 41 191 214 300 309 326 360
Albertus Bluther 285.,Albertus,,Bluther,,,,,,,,,285
Albertus Bodeke 41 208.,Albertus,,Bodeke,,,,,,,,,41 208
Albertus Boullay 41.,Albertus,,Boullay,,,,,,,,,41
Albertus Chodel 376.,Albertus,,Chodel,,,,,,,,,376
Albertus com. de Mansfelt 43.,Albertus,,,,,,,com. de Mansfelt,,,,43
Albertus Coper 42.,Albertus,,Coper,,,,,,,,,42
Albertus de Bandlow 249.,Albertus,,de Bandlow,,,,,,,,,249
Albertus de Chuden 41.,Albertus,,de Chuden,,,,,,,,,41
Albertus de Coszowo 42.,Albertus,,de Coszowo,,,,,,,,,42
Albertus de Ebeleiben 387.,Albertus,,de Ebeleiben,,,,,,,,,387
Albertus de Eglofstein 42.,Albertus,,de Eglofstein,,,,,,,,,42
"Albertus de Hohenloch (Hochenloch, Hahenlich) 42 126 153 245.",Albertus,,de Hohenloch,"Hochenloch, Hahenlich",,,,,,,,42 126 153 245
Albertus de Wernygerode 120.,Albertus,,de Wernygerode,,,,,,,,,120
Albertus dec. eccl. Halberst. 21.,Albertus,,,,,,,dec.,eccl. Halberst.,,,21
Albertus dux Austrie 14 22 40 245.,Albertus,,,,,,,dux Austrie,,,,14 22 40 245
Albertus dux Saxonie 40.,Albertus,,,,,,,dux Saxonie,,,,40
Albertus el. Halberst. 39 204.,Albertus,,,,,,,el. Halberst.,,,,39 204
Albertus Engelschalch 275.,Albertus,,Engelschalch,,,,,,,,,275
Albertus ep. Bamberg. 39 61 93 123 126 159.,Albertus,,,,,,,ep. Bamberg.,,,,39 61 93 123 126 159
Albertus ep. Herbipol. 167.,Albertus,,,,,,,ep. Herbipol.,,,,167
Albertus ep. Patav. 26 29.,Albertus,,,,,,,ep. Patav.,,,,26 29
Albertus ep. Poznan. al Cracov. 39 43 198 243 249 273 314 341.,Albertus,,,,,,,ep. Poznan. al Cracov.,,,,39 43 198 243 249 273 314 341
Albertus ep. Ratisp. 110 121 185 193 234 328 395.,Albertus,,,,,,,ep. Ratisp.,,,,110 121 185 193 234 328 395
Albertus Fawstriczer 42.,Albertus,,Fawstriczer,,,,,,,,,42
Albertus Fleischmann 96.,Albertus,,Fleischmann,,,,,,,,,96
Albertus Franckengruner 111.,Albertus,,Franckengruner,,,,,,,,,111
Albertus Gruhsen 42.,Albertus,,Gruhsen,,,,,,,,,42
Albertus Huntuel 42.,Albertus,,Huntuel,,,,,,,,,42
Albertus Indman 42.,Albertus,,Indman,,,,,,,,,42
Albertus Johannis de Sanctonabore 42.,Albertus Johannis,,de Sanctonabore,,,,,,,,,42
Albertus Labraw 42 125.,Albertus,,Labraw,,,,,,,,,42 125
Albertus Lower 296.,Albertus,,Lower,,,,,,,,,296
Albertus Milinchus 385.,Albertus,,Milinchus,,,,,,,,,385
Albertus Milkonis 310.,Albertus,,Milkonis,,,,,,,,,310
Albertus Minneklich de Offenburg 43.,Albertus Minneklich,,de Offenburg,,,,,,,,,43
Albertus Mozonita 302.,Albertus,,Mozonita,,,,,,,,,302
Albertus Munster 183.,Albertus,,Munster,,,,,,,,,183
Albertus Nicolai Jastrabech (Jastrabecz) de Borzislaucze 43.,Albertus Nicolai Jastrabech,Jastrabecz,de Borzislaucze,,,,,,,,,43
Albertus Nusperger 401.,Albertus,,Nusperger,,,,,,,,,401
Albertus Perner 50.,Albertus,,Perner,,,,,,,,,50
Albertus Piil 43.,Albertus,,Piil,,,,,,,,,43
"Albertus Ponghe (Ponge, Punghe) 44 70 71.",Albertus,,Ponghe,"Ponge, Punghe",,,,,,,,44 70 71
Albertus Reine (Reinen) 44 361.,Albertus,,Reine,Reinen,,,,,,,,44 361
Albertus Reineri 44.,Albertus,,Reineri,,,,,,,,,44
Albertus Rente 44 117 258.,Albertus,,Rente,,,,,,,,,44 117 258
Albertus Rode 151.,Albertus,,Rode,,,,,,,,,151
Albertus Rusteyn 45.,Albertus,,Rusteyn,,,,,,,,,45
Albertus Sapientis 45.,Albertus,,Sapientis,,,,,,,,,45
Albertus Stekch (Stik) 45 398.,Albertus,,Stekch,Stik,,,,,,,,45 398
Albertus Streicher 106.,Albertus,,Streicher,,,,,,,,,106
Albertus Troiani 45.,Albertus,,Troiani,,,,,,,,,45
Albertus Varentrappe 45.,Albertus,,Varentrappe,,,,,,,,,45
"Albertus Werenbergh (-berg, -berch) 44 104 172.",Albertus,,Werenbergh,"-berg, -berch",,,,,,,,44 104 172
Albertus Wulfardes 349.,Albertus,,Wulfardes,,,,,,,,,349
Albertus Zobbe 45.,Albertus,,Zobbe,,,,,,,,,45
Albertus Zwarten (Zwarte) de Zwollis 5 197.,Albertus Zwarten,Zwarte,de Zwollis,,,,,,,,,5 197
Albizo Calenti de Medicis 82.,Albizo Calenti,,de Medicis,,,,,,,,,82
"Aldigerius (Aldigherius, Aldericus) Francisci de Florena 46 52 95 163 164 171 222 226 272 348.",Aldigerius,"Aldigherius, Aldericus",Francisci,,,,de Florena,,,,,46 52 95 163 164 171 222 226 272 348
Alexander al. Wittoldus dux Litwanie 285 369.,Alexander,,,,Wittoldus,,,dux Litwanie,,,,285 369
Alexander Bonneti de Yuodio 46.,Alexander Bonneti,,de Yuodio,,,,,,,,,46
Alexander Colini 46.,Alexander,,Colini,,,,,,,,,46
Alexander ep. Kamenecen. 47.,Alexander,,,,,,,ep. Kamenecen.,,,,47
Alexander Semonithi (Symoniti) ducis Masouie natus 5 46 244.,Alexander,,,,,Semonithi (Symoniti) ducis Masouie natus,,,,,,5 46 244
Alexander V. pp. 38 44 45 48 52 57 58 66 74 116 119 126 135 136 137 141 143 145 146 156 162 171 179 181 191 194 205 217 218 223 228 236 246 252 256 257 258 264 265 269 270 277 278 298 312 319 320 324 326 330 335 340 347 351 352 357 363 365 373 376 389.,Alexander V.,,,,,,,pp.,,,,38 44 45 48 52 57 58 66 74 116 119 126 135 136 137 141 143 145 146 156 162 171 179 181 191 194 205 217 218 223 228 236 246 252 256 257 258 264 265 269 270 277 278 298 312 319 320 324 326 330 335 340 347 351 352 357 363 365 373 376 389
Alexius de Strozis 6.,Alexius,,de Strozis,,,,,,,,,6
Alexius ep. Placentin. 78.,Alexius,,,,,,,ep. Placentin.,,,,78
Alexius Keterlini 357.,Alexius,,Keterlini,,,,,,,,,357
Aleydis (de Weseke) 253.,Aleydis,,,,,,de Weseke,,,,,253
Aleydis (Rouer) 350.,Aleydis,,,,,,Rouer,,,,,350
Aleydis de Buren 37.,Aleydis,,de Buren,,,,,,,,,37
Alfardus de Lichtenberch 368.,Alfardus,,de Lichtenberch,,,,,,,,,368
Alhaydis Hawsmanni 37.,Alhaydis,,Hawsmanni,,,,,,,,,37
Alheydis relictæ Bitteri de Raesuelt 37.,Alheydis,,,,,relictæ Bitteri de Raesuelt,,,,,,37
Alihonora (Babastardo) 267.,Alihonora,,,,,,Babastardo,,,,,267
Aloch Helfenberger 46.,Aloch,,Helfenberger,,,,,,,,,46
Amadeus diac. card. s. Marie Noue 149.,Amadeus,,,,,,,diac. card. s. Marie Noue,,,,149
Amelricus Wyntenawer 46.,Amelricus,,Wyntenawer,,,,,,,,,46
Amiratus 11.,Amiratus,,,,,,,,,,,11
Amplonius de Berka 46.,Amplonius,,de Berka,,,,,,,,,46
Amplonius de Fago 47.,Amplonius,,de Fago,,,,,,,,,47
Andreas abb. mon. Colbast. 147.,Andreas,,,,,,,abb.,mon. Colbast.,,,147
Andreas abb. mon. in Weltenburgo 47.,Andreas,,,,,,,abb.,mon. in Weltenburgo,,,47
Andreas aep. Colocen. 47.,Andreas,,,,,,,aep. Colocen.,,,,47
Andreas Andree 47.,Andreas,,Andree,,,,,,,,,47
Andreas Arnoldi Streuels 47.,Andreas,,Arnoldi Streuels,,,,,,,,,47
Andreas Bogussii de Cressino 47.,Andreas Bogussii,,de Cressino,,,,,,,,,47
Andreas Conradi Cobrillen al. dict. Prunner 48.,Andreas,,Conradi Cobrillen,,Prunner,,,,,,,48
"Andreas Croger (Crugher, Crogher) 143 202 216.",Andreas,,Croger,"Crugher, Crogher",,,,,,,,143 202 216
Andreas de Alamania 47.,Andreas,,de Alamania,,,,,,,,,47
Andreas de Bardis 208.,Andreas,,de Bardis,,,,,,,,,208
Andreas de Bondelmontibus 47.,Andreas,,de Bondelmontibus,,,,,,,,,47
Andreas de Rodenberg 344.,Andreas,,de Rodenberg,,,,,,,,,344
Andreas de Ruschenberg 49.,Andreas,,de Ruschenberg,,,,,,,,,49
Andreas de Srzyno 49.,Andreas,,de Srzyno,,,,,,,,,49
Andreas de Valkemberg 50.,Andreas,,de Valkemberg,,,,,,,,,50
Andreas dict. Kelermaister 48.,Andreas,,,,Kelermaister,,,,,,,48
Andreas Dinissii (Dzinissii) de Romissonicze (Romesonicze) 233 338.,Andreas Dinissii,Dzinissii,de Romissonicze,Romesonicze,,,,,,,,233 338
Andreas el. Camiensen. 47 303.,Andreas,,,,,,,el. Camiensen.,,,,47 303
"Andreas Gnadel (Gradel, Grandel) 48 401.",Andreas,,Gnadel,"Gradel, Grandel",,,,,,,,48 401
Andreas Grotkow 48.,Andreas,,Grotkow,,,,,,,,,48
Andreas Haghen 385.,Andreas,,Haghen,,,,,,,,,385
Andreas Hartberg 48.,Andreas,,Hartberg,,,,,,,,,48
Andreas Holnekker 331.,Andreas,,Holnekker,,,,,,,,,331
Andreas Jacobi 48.,Andreas,,Jacobi,,,,,,,,,48
Andreas Johanniss de Marsalla 87.,Andreas Johanniss,,de Marsalla,,,,,,,,,87
Andreas Kussphennig 126.,Andreas,,Kussphennig,,,,,,,,,126
"Andreas Lascharii, ep. Poznan. 48 49 103 288 338 366 398.",Andreas,,Lascharii,,,,,ep. Poznan.,,,,48 49 103 288 338 366 398
Andreas Louer 360.,Andreas,,Louer,,,,,,,,,360
Andreas Mutzen 276 318 399.,Andreas,,Mutzen,,,,,,,,,276 318 399
Andreas Petri 49.,Andreas,,Petri,,,,,,,,,49
Andreas Rugeleri 76.,Andreas,,Rugeleri,,,,,,,,,76
Andreas Scriuer 347.,Andreas,,Scriuer,,,,,,,,,347
Andreas Stoislai de Gewicz 50.,Andreas Stoislai,,de Gewicz,,,,,,,,,50
Andreas Suffenhower 50.,Andreas,,Suffenhower,,,,,,,,,50
Andreas Susenhaimmer 50.,Andreas,,Susenhaimmer,,,,,,,,,50
Andreas Veyal 385.,Andreas,,Veyal,,,,,,,,,385
Andreas Vulschussel 50.,Andreas,,Vulschussel,,,,,,,,,50
Andreas Werneri de Merode 50.,Andreas Werneri,,de Merode,,,,,,,,,50
Andreas Wirsing 50 213 300 352.,Andreas,,Wirsing,,,,,,,,,50 213 300 352
Angelottus de Fuschis 20.,Angelottus,,de Fuschis,,,,,,,,,20
Angelus abb. mon. in Runa 6.,Angelus,,,,,,,abb.,mon. in Runa,,,6
Angelus Corario v. Gregorius XII. pp.,Angelus,,Corario,,,,,,,Gregorius XII. pp,,
Angelus de Balionibus 114.,Angelus,,de Balionibus,,,,,,,,,114
Angelus de Reate 51 285.,Angelus,,de Reate,,,,,,,,,51 285
Angelus ep. Ostien. card. 24 119.,Angelus,,,,,,,ep. Ostien. card.,,,,24 119
Angelus Michaeli 6.,Angelus,,Michaeli,,,,,,,,,6
Angelus Sceper (Sceper al. de Snetlinge) 139 198.,Angelus,,Sceper,Sceper al. de Snetlinge,,,,,,,,139 198
Angelus tit. s. Pudentiane presb. card. resp. ep. Prenest. 51 113 312.,Angelus,,,,,,,tit. s. Pudentiane presb. card. resp. ep. Prenest.,,,,51 113 312
Anna (bar. de Monteichan) 227.,Anna,,,,,,bar. de Monteichan,,,,,227
Anna (bar. in Koldicz) 41.,Anna,,,,,,bar. in Koldicz,,,,,41
Anna (Bessermeistir) 195.,Anna,,,,,,Bessermeistir,,,,,195
Anna (com. de Katzinelinbogen) 199.,Anna,,,,,,com. de Katzinelinbogen,,,,,199
Anna (de Beke) 129.,Anna,,,,,,de Beke,,,,,129
Anna (de Lymburg) 104.,Anna,,,,,,de Lymburg,,,,,104
Anna (de Recchenberg) 292.,Anna,,,,,,de Recchenberg,,,,,292
Anna (Dephor) 367.,Anna,,,,,,Dephor,,,,,367
Anna (Driskewicz de Olsna) 309.,Anna,,,,,,Driskewicz de Olsna,,,,,309
Anna (ducissa de Dek) 358.,Anna,,,,,,ducissa de Dek,,,,,358
Anna (duxissa Ratiborien.) 191.,Anna,,,,,,duxissa Ratiborien.,,,,,191
Anna (Kelermaister) 48.,Anna,,,,,,Kelermaister,,,,,48
Anna (Rauynger) 340.,Anna,,,,,,Rauynger,,,,,340
Anna (Strelin) 318.,Anna,,,,,,Strelin,,,,,318
Anna (Tirgharte) 319.,Anna,,,,,,Tirgharte,,,,,319
Anna (Tucher de Nurimberga) 247.,Anna,,,,,,Tucher de Nurimberga,,,,,247
Anna (Vogeller) 250.,Anna,,,,,,Vogeller,,,,,250
Anna Buchlerin 165.,Anna,,Buchlerin,,,,,,,,,165
Anna Casparis de Donyn 149.,Anna Casparis,,de Donyn,,,,,,,,,149
Anna Czantmargynne (Szantmarinne) 51.,Anna,,Czantmargynne,Szantmarinne,,,,,,,,51
Anna de Stegen 51.,Anna,,de Stegen,,,,,,,,,51
Anna Eyringyn de Nurenberga 51.,Anna Eyringyn,,de Nurenberga,,,,,,,,,51
Anna Felicis de Rauenspurg 51.,Anna Felicis,,de Rauenspurg,,,,,,,,,51
Anna Furinginne 221.,Anna,,Furinginne,,,,,,,,,221
Anna Guntheruni 42.,Anna,,Guntheruni,,,,,,,,,42
Anna Hulerein (Vlerein) 51.,Anna,,Hulerein,Vlerein,,,,,,,,51
Anna Kretzin 278.,Anna,,Kretzin,,,,,,,,,278
Anna regina Polon. 288.,Anna,,,,,,,regina Polon.,,,,288
Anselmus custos mon. s. Jacobi e. m. Magunt. 51.,Anselmus,,,,,,,custos,mon. s. Jacobi e. m. Magunt.,,,51
"Anselmus de Nenyghen (Nenningen), ep. August. 51 52 213 219.",Anselmus,,de Nenyghen,Nenningen,,,,ep. August.,,,,51 52 213 219
Anthonius de Aufses 163.,Anthonius,,de Aufses,,,,,,,,,163
"Anthonius presb. card. tit. s. Susanne, patr. Aquil. 24 53 125 170 321 400.",Anthonius,,,,,,,presb. card. tit. s. Susanne patr. Aquil.,,,,24 53 125 170 321 400
Anton v. Tiboldus.,Anton,,,,,,,,,Tiboldus,,
Antonius (de Challant) diac. card. s. Marie in Via Lata 52 179 300.,Antonius,,,,,,de Challant,diac. card. s. Marie in Via Lata,,,,52 179 300
Antonius 241.,Antonius,,,,,,,,,,,241
Antonius Camerawer 53.,Antonius,,Camerawer,,,,,,,,,53
Antonius de Auersa 53.,Antonius,,de Auersa,,,,,,,,,53
Antonius de Baldinotis de Pistorio 59.,Antonius,,de Baldinotis,,,,de Pistorio,,,,,59
Antonius de Guidottis 53.,Antonius,,de Guidottis,,,,,,,,,53
Antonius de Luschis 341.,Antonius,,de Luschis,,,,,,,,,341
Antonius de Montecatiuo 54 277.,Antonius,,de Montecatiuo,,,,,,,,,54 277
Antonius dux Brabantie 6.,Antonius,,,,,,,dux Brabantie,,,,6
Antonius ep. Nebien. 317.,Antonius,,,,,,,ep. Nebien.,,,,317
Antonius ep. Portuen. card. Aquileg. nuncup. 56 105 108 169 301 351.,Antonius,,,,,,,ep. Portuen. card. Aquileg. nuncup.,,,,56 105 108 169 301 351
Antonius Francisci de Tanaliiis 53.,Antonius Francisci,,de Tanaliiis,,,,,,,,,53
Antonius Heilmanni 53.,Antonius,,Heilmanni,,,,,,,,,53
Antonius Portugeriis de Melango 54.,Antonius Portugeriis,,de Melango,,,,,,,,,54
"Antonius tit. s. Marci presb. card. quondam tit. s. Praxedis, Tudertin. 52 105 225 254 301.",Antonius,,,,,,,tit. s. Marci presb. card. quondam tit. s. Praxedis Tudertin.,,,,52 105 225 254 301
Antonius Verber 54.,Antonius,,Verber,,,,,,,,,54
Apolo de Besa 89.,Apolo,,de Besa,,,,,,,,,89
Arnaldus Dattelen 56.,Arnaldus,,Dattelen,,,,,,,,,56
Arnaldus Herwig 56.,Arnaldus,,Herwig,,,,,,,,,56
Arnoldus abb. mon. Fontissalutis 54.,Arnoldus,,,,,,,abb.,mon. Fontissalutis,,,54
Arnoldus Arnoldi 338.,Arnoldus,,Arnoldi,,,,,,,,,338
Arnoldus Arnoldi de Czirenberg 55 66.,Arnoldus Arnoldi,,de Czirenberg,,,,,,,,,55 66
Arnoldus Arnoldi Indemgrunde 55.,Arnoldus,,Arnoldi Indemgrunde,,,,,,,,,55
Arnoldus Brun 55.,Arnoldus,,Brun,,,,,,,,,55
Arnoldus Brunyng 55.,Arnoldus,,Brunyng,,,,,,,,,55
Arnoldus Buck 56.,Arnoldus,,Buck,,,,,,,,,56
Arnoldus de Baldinottis de Pistorio 167.,Arnoldus,,de Baldinottis,,,,de Pistorio,,,,,167
Arnoldus de Brochusen 197.,Arnoldus,,de Brochusen,,,,,,,,,197
Arnoldus de Colonia 106.,Arnoldus,,de Colonia,,,,,,,,,106
Arnoldus de Doenen 56.,Arnoldus,,de Doenen,,,,,,,,,56
Arnoldus de Eyck al. Springaen 135.,Arnoldus,,de Eyck,,Springaen,,,,,,,135
Arnoldus de Meghen 351.,Arnoldus,,de Meghen,,,,,,,,,351
Arnoldus de Merode 7 57.,Arnoldus,,de Merode,,,,,,,,,7 57
Arnoldus de Ressele 57.,Arnoldus,,de Ressele,,,,,,,,,57
Arnoldus de Rikel 58.,Arnoldus,,de Rikel,,,,,,,,,58
Arnoldus de Trela 44.,Arnoldus,,de Trela,,,,,,,,,44
Arnoldus Dietelmi 208.,Arnoldus,,Dietelmi,,,,,,,,,208
Arnoldus ep. Culmen. 190.,Arnoldus,,,,,,,ep. Culmen.,,,,190
Arnoldus Huxer 56.,Arnoldus,,Huxer,,,,,,,,,56
Arnoldus Jacobi 5.,Arnoldus,,Jacobi,,,,,,,,,5
Arnoldus Lorber 56.,Arnoldus,,Lorber,,,,,,,,,56
Arnoldus Risthmolen 183.,Arnoldus,,Risthmolen,,,,,,,,,183
Arnoldus Stune 57.,Arnoldus,,Stune,,,,,,,,,57
Arnoldus Swerstorp 330.,Arnoldus,,Swerstorp,,,,,,,,,330
Arnoldus Terhouen 258.,Arnoldus,,Terhouen,,,,,,,,,258
Arnoldus Vrese 57.,Arnoldus,,Vrese,,,,,,,,,57
Arnoldus Worchem 57.,Arnoldus,,Worchem,,,,,,,,,57
Arnoldus Zasse de Culenborch 57.,Arnoldus Zasse,,de Culenborch,,,,,,,,,57
Arpinus de Collis de Alexandria 58. 345.,Arpinus,,de Collis,,,,de Alexandria,,,,,58 345
Articus de Sanctodaniele 53.,Articus,,de Sanctodaniele,,,,,,,,,53
Artmannus v. Hartmannus.,Artmannus,,,,,,,,,Hartmannus,,
Artmanus Balghe 140.,Artmanus,,Balghe,,,,,,,,,140
Aubertus Gustarie 106.,Aubertus,,Gustarie,,,,,,,,,106
Augustinus (Awer) de Nissa (Nisa) 58. 385.,Augustinus,,de Nissa,Nisa,,,Awer,,,,,58 385
Augustinus 58.,Augustinus,,,,,,,,,,,58
Augustinus de Mothwitz 58.,Augustinus,,de Mothwitz,,,,,,,,,58
Augustinus Petri de Steyne 59.,Augustinus Petri,,de Steyne,,,,,,,,,59
Bado Bussen 135.,Bado,,Bussen,,,,,,,,,135
Bagnacuallus 59.,Bagnacuallus,,,,,,,,,,,59
Baldasar Vakker 61.,Baldasar,,Vakker,,,,,,,,,61
Baldassar diac. card. s. Eustazii 8.,Baldassar,,,,,,,diac. card. s. Eustazii,,,,8
Baldemarus Johannis Byebelnheymer (Biebelnheim) 59.,Baldemarus,,Johannis Byebelnheymer,Biebelnheim,,,,,,,,59
Balduinus (Baldwinus) de Diick(Deyk) 57 60 213 222 255 272 348.,Balduinus,Baldwinus,de Diick,,,,Deyk,,,,,57 60 213 222 255 272 348
Balduinus de Frigidomonte 60.,Balduinus,,de Frigidomonte,,,,,,,,,60
Balduinus de Lenielge 13.,Balduinus,,de Lenielge,,,,,,,,,13
Balthazar lantgr. Thuringie 13.,Balthazar,,,,,,,lantgr. Thuringie,,,,13
Balthazar princeps Slauie infer. etc. 60.,Balthazar,,,,,,,princeps Slauie infer. etc.,,,,60
Balthazar Rabe 60.,Balthazar,,Rabe,,,,,,,,,60
Baptista de Thomacellis 185.,Baptista,,de Thomacellis,,,,,,,,,185
Barbara (Czebinger de Chremsa) 339.,Barbara,,,,,,Czebinger de Chremsa,,,,,339
Barbara (Gertzner de Vmbras) 271.,Barbara,,,,,,Gertzner de Vmbras,,,,,271
Barbara (Liechtenberger) 110.,Barbara,,,,,,Liechtenberger,,,,,110
Barbara de Sterkenberg 61.,Barbara,,de Sterkenberg,,,,,,,,,61
Barbara ducissa Saxonie 329.,Barbara,,,,,,,ducissa Saxonie,,,,329
Barbara regina Hungarie 61.,Barbara,,,,,,,regina Hungarie,,,,61
Barbara relictæ Vdelrici 61.,Barbara,,,,,relictæ Vdelrici,,,,,,61
Barbara Rubenow 61.,Barbara,,Rubenow,,,,,,,,,61
Bartholomeus 360.,Bartholomeus,,,,,,,,,,,360
Bartholomeus Bartholomei de Spinis 61 321.,Bartholomeus Bartholomei,,de Spinis,,,,,,,,,61 321
Bartholomeus Bettonis 61 62.,Bartholomeus,,Bettonis,,,,,,,,,61 62
Bartholomeus Chawczel 238.,Bartholomeus,,Chawczel,,,,,,,,,238
Bartholomeus de Montegontio (Montegontiis) 69 111 128 218 234 258 296 334 350 351 361 372.,Bartholomeus,,de Montegontio,Montegontiis,,,,,,,,69 111 128 218 234 258 296 334 350 351 361 372
Bartholomeus de Pistorio 207.,Bartholomeus,,de Pistorio,,,,,,,,,207
Bartholomeus de Vincio 63.,Bartholomeus,,de Vincio,,,,,,,,,63
Bartholomeus Dellante (de Lante de Pisis) 62 227 368.,Bartholomeus,,Dellante,,,,de Lante de Pisis,,,,,62 227 368
Bartholomeus Grassey 62.,Bartholomeus,,Grassey,,,,,,,,,62
Bartholomeus prep. mon. Newnburg 45 360.,Bartholomeus,,,,,,,prep.,mon. Newnburg,,,45 360
Bartholomeus Rechel 65.,Bartholomeus,,Rechel,,,,,,,,,65
Bartholomeus Stegemann 63.,Bartholomeus,,Stegemann,,,,,,,,,63
Bartholomeus Tabernatoris 63.,Bartholomeus,,Tabernatoris,,,,,,,,,63
Bartoldus de Assendelf 65.,Bartoldus,,de Assendelf,,,,,,,,,65
Basilius Honaff 63.,Basilius,,Honaff,,,,,,,,,63
Beatrix (de Merode) 326.,Beatrix,,,,,,de Merode,,,,,326
Beatrix relicta Johannis Schenck de Geyrn 375.,Beatrix,,,,,relicta Johannis Schenck de Geyrn,,,,,,375
Bedekinus prep. eccl. Soldin. 86.,Bedekinus,,,,,,,prep.,eccl. Soldin.,,,86
Bela (de Drueten) 108.,Bela,,,,,,de Drueten,,,,,108
Bella van dem Slocze 63.,Bella,,van dem Slocze,,,,,,,,,63
Benedictus de Aleuelt 336.,Benedictus,,de Aleuelt,,,,,,,,,336
Benedictus XIII. pp. (Petrus de Luna) 11 26 334 335 336 357.,Benedictus XIII.,,,,,,Petrus de Luna,pp.,,,,11 26 334 335 336 357
Beneuenutus Jacentii 354.,Beneuenutus,,Jacentii,,,,,,,,,354
Berchtoldus (Bertoldus) ep. Frising. 7 80 267 378.,Berchtoldus,Bertoldus,,,,,,ep. Frising.,,,,7 80 267 378
Berchtoldus Mayster 126.,Berchtoldus,,Mayster,,,,,,,,,126
Berengerius Burg 399.,Berengerius,,Burg,,,,,,,,,399
Berko dict. Borck 294.,Berko,,,,Borck,,,,,,,294
Bernardus Budinck 277.,Bernardus,,Budinck,,,,,,,,,277
Bernardus Daniro 64.,Bernardus,,Daniro,,,,,,,,,64
Bernardus Dopp (Dop) 64.,Bernardus,,Dopp,Dop,,,,,,,,64
Bernardus dux Brunswic. etc. 64 392.,Bernardus,,,,,,,dux Brunswic. etc.,,,,64 392
Bernardus ep. Ciuitatiscastelli 63.,Bernardus,,,,,,,ep. Ciuitatiscastelli,,,,63
Bernardus Fabri 269.,Bernardus,,Fabri,,,,,,,,,269
Bernardus Funificis 213.,Bernardus,,Funificis,,,,,,,,,213
Bernardus Ligi 65.,Bernardus,,Ligi,,,,,,,,,65
Bernardus marchio Baden. 45 64 167 223 285 333.,Bernardus,,,,,,,marchio Baden.,,,,45 64 167 223 285 333
"Bernardus Swartewolt (Swartwolt, Swarthold) 65 134 214 246.",Bernardus,,Swartewolt,"Swartwolt, Swarthold",,,,,,,,65 134 214 246
Bernardus Visler 128.,Bernardus,,Visler,,,,,,,,,128
Bernhardus (Wernhardus) 123 316.,Bernhardus,Wernhardus,,,,,,,,,,123 316
Bernhardus Buxstorp 263.,Bernhardus,,Buxstorp,,,,,,,,,263
Bernhardus Byrne de Wynezk 64.,Bernhardus Byrne,,de Wynezk,,,,,,,,,64
Bernhardus com. de Eberstein 81.,Bernhardus,,,,,,,com. de Eberstein,,,,81
Bernhardus de Hoya 65.,Bernhardus,,de Hoya,,,,,,,,,65
Bernhardus de Kemmerswalde 65.,Bernhardus,,de Kemmerswalde,,,,,,,,,65
Beroldus Heluici de Berka 65.,Beroldus Heluici,,de Berka,,,,,,,,,65
Berserus dec. eccl. Camin. 105.,Berserus,,,,,,,dec.,eccl. Camin.,,,105
Berta (Betta) de Culenborch 65.,Berta,Betta,de Culenborch,,,,,,,,,65
Bertholdus ep. Lindinen. 206.,Bertholdus,,,,,,,ep. Lindinen.,,,,206
Bertholdus Murer 340.,Bertholdus,,Murer,,,,,,,,,340
Bertholdus Naeger 8.,Bertholdus,,Naeger,,,,,,,,,8
Bertholdus Rothelanck 252.,Bertholdus,,Rothelanck,,,,,,,,,252
Bertingnonus Burcaldi 212.,Bertingnonus,,Burcaldi,,,,,,,,,212
Bertoldus (de) Cellis 65 254.,Bertoldus,,(de) Cellis,,,,,,,,,65 254
Bertoldus (de) Zorn 68 72 200.,Bertoldus,,(de) Zorn,,,,,,,,,68 72 200
Bertoldus abb. mon. Fontissalutis 55.,Bertoldus,,,,,,,abb.,mon. Fontissalutis,,,55
Bertoldus Bertoldi 65 238 293.,Bertoldus,,Bertoldi,,,,,,,,,65 238 293
Bertoldus Boten (Botonis) 196.,Bertoldus,,Boten,Botonis,,,,,,,,196
Bertoldus Burkardi 40.,Bertoldus,,Burkardi,,,,,,,,,40
Bertoldus Czigenbach 235.,Bertoldus,,Czigenbach,,,,,,,,,235
Bertoldus dc Kuczeleibin (Kuczelewen) 247 389.,Bertoldus,,de Kuczeleibin,Kuczelewen,,,,,,,,247 389
Bertoldus de Frankenhusen 344.,Bertoldus,,de Frankenhusen,,,,,,,,,344
Bertoldus de Hansteyn 67.,Bertoldus,,de Hansteyn,,,,,,,,,67
Bertoldus de Lippia 214.,Bertoldus,,de Lippia,,,,,,,,,214
Bertoldus de Nuenfeld (Nuwenfels) 67 73.,Bertoldus,,de Nuenfeld,Nuwenfels,,,,,,,,67 73
Bertoldus de Ratisponis 138.,Bertoldus,,de Ratisponis,,,,,,,,,138
Bertoldus de Werna 67.,Bertoldus,,de Werna,,,,,,,,,67
Bertoldus de Wunnecke 8 28.,Bertoldus,,de Wunnecke,,,,,,,,,8 28
Bertoldus Denen (Deynen) de Wildunghen (Wildungen) 7 65 149 221 281 352 396.,Bertoldus Denen,,de Wildunghen,Wildungen,,,Deynen,,,,,7 65 149 221 281 352 396
Bertoldus dict. Diues (Rikem) al. Schomaker 8 66 67 350 386 400.,Bertoldus,,,,Diues (Rikem); Schomaker,,,,,,,8 66 67 350 386 400
Bertoldus Flenne 296.,Bertoldus,,Flenne,,,,,,,,,296
Bertoldus Horn 343 344.,Bertoldus,,Horn,,,,,,,,,343 344
Bertoldus Huber de Ruttingen 89 96.,Bertoldus Huber,,de Ruttingen,,,,,,,,,89 96
Bertoldus Huysler 249.,Bertoldus,,Huysler,,,,,,,,,249
Bertoldus Knorre 65.,Bertoldus,,Knorre,,,,,,,,,65
Bertoldus Logher 178.,Bertoldus,,Logher,,,,,,,,,178
Bertoldus Mulmen 155.,Bertoldus,,Mulmen,,,,,,,,,155
Bertoldus Mutzel 121.,Bertoldus,,Mutzel,,,,,,,,,121
Bertoldus Oem 231.,Bertoldus,,Oem,,,,,,,,,231
Bertoldus Rullis de Bruchsella 67.,Bertoldus Rullis,,de Bruchsella,,,,,,,,,67
Bertoldus Smed 223.,Bertoldus,,Smed,,,,,,,,,223
Bertoldus Stark de Huxaria 319.,Bertoldus Stark,,de Huxaria,,,,,,,,,319
Bertoldus Steyn 187.,Bertoldus,,Steyn,,,,,,,,,187
Bertoldus Toppheleiben 67.,Bertoldus,,Toppheleiben,,,,,,,,,67
Bertoldus Vriborch (Vryborch) 67.,Bertoldus,,Vriborch,Vryborch,,,,,,,,67
Bertoldus Wachter de Durlach 108.,Bertoldus Wachter,,de Durlach,,,,,,,,,108
Bertoldus Wedemhouer 390.,Bertoldus,,Wedemhouer,,,,,,,,,390
Bertoldus Wicboldi (Wigboldi) 67.,Bertoldus,,Wicboldi,Wigboldi,,,,,,,,67
Bertoldus Wynne 248.,Bertoldus,,Wynne,,,,,,,,,248
Bertoldus Zas 108.,Bertoldus,,Zas,,,,,,,,,108
Bertolinus Grilandi 78.,Bertolinus,,Grilandi,,,,,,,,,78
Bertramus de Veltem 105.,Bertramus,,de Veltem,,,,,,,,,105
Bertrandus patr. Aquil. 24.,Bertrandus,,,,,,,patr. Aquil.,,,,24
Betta v. Berta,Betta,,,,,,,,,Berta,,
Bilia relecta Theoderici de Fine 69.,Bilia,,,,,relecta Theoderici de Fine,,,,,,69
Bindenberg al. Czambor 50.,Bindenberg,,,,Czambor,,,,,,,50
Birczo com. de Mansfelt 69.,Birczo,,,,,,,com. de Mansfelt,,,,69
Bisantinus Muttel 69.,Bisantinus,,Muttel,,,,,,,,,69
Blasius dec. eccl. Omniumsanctorum in castro Prag. 334.,Blasius,,,,,,,dec.,eccl. Omniumsanctorum in castro Prag.,,,334
"Bliczborius (Blisborius, Blozborius) Derslai 69.",Bliczborius,"Blisborius, Blozborius",Derslai,,,,,,,,,69
Blytza (de Batenberg) 135.,Blytza,,,,,,de Batenberg,,,,,135
Bochelem 69.,Bochelem,,,,,,,,,,,69
Bodzanco 52.,Bodzanco,,,,,,,,,,,52
Boetius de Tolentino 351.,Boetius,,de Tolentino,,,,,,,,,351
Boguslaus de Blaseuicze 69.,Boguslaus,,de Blaseuicze,,,,,,,,,69
Bolko dux Opolien. 69 164.,Bolko,,,,,,,dux Opolien.,,,,69 164
Bolko dux Teschin. 69.,Bolko,,,,,,,dux Teschin.,,,,69
Bonifacius IX. pp. 6 10 26 29 40 53 57 71 89 108 137 139 149 166 181 192 220 221 225 250 257 282 287 292 295 299 323 344 346 351 356 364 368 376.,Bonifacius IX.,,,,,,,pp.,,,,6 10 26 29 40 53 57 71 89 108 137 139 149 166 181 192 220 221 225 250 257 282 287 292 295 299 323 344 346 351 356 364 368 376
Borchardus (Brochardus) de Osta 72.,Borchardus,Brochardus,de Osta,,,,,,,,,72
Borco de Slaweberg 42.,Borco,,de Slaweberg,,,,,,,,,42
Borkartus Krummedike 336.,Borkartus,,Krummedike,,,,,,,,,336
Borsza Vindini de Galemmo 69.,Borsza Vindini,,de Galemmo,,,,,,,,,69
Brachinus Christofori 69.,Brachinus,,Christofori,,,,,,,,,69
"Branda ep. Placentin., card. presb. tit. s. Clementis 69 272 306 340.",Branda,,,,,,,ep. Placentin. card. presb. tit. s. Clementis,,,,69 272 306 340
Brandanus 291.,Brandanus,,,,,,,,,,,291
Briendeke Gronowe 223.,Briendeke,,Gronowe,,,,,,,,,223
Broczo v. Procoz.,Broczo,,,,,,,,,Procoz,,
Bruno Boghel 70 149.,Bruno,,Boghel,,,,,,,,,70 149
Bruno Brunoldi 70.,Bruno,,Brunoldi,,,,,,,,,70
Bruno Brunonis de Gysenheim 71.,Bruno Brunonis,,de Gysenheim,,,,,,,,,71
Bruno de Bochem 70 77.,Bruno,,de Bochem,,,,,,,,,70 77
Bruno de Nussia 269 396.,Bruno,,de Nussia,,,,,,,,,269 396
Bruno de Scarpensteyn 71.,Bruno,,de Scarpensteyn,,,,,,,,,71
Bruno Warendorp 83.,Bruno,,Warendorp,,,,,,,,,83
Bugslaus dux Pomeranie 8 9.,Bugslaus,,,,,,,dux Pomeranie,,,,8 9
Burchardus (Burkardus) de Rebestock 73.,Burchardus,Burkardus,de Rebestock,,,,,,,,,73
Burchardus Blome 223.,Burchardus,,Blome,,,,,,,,,223
Burchardus Koynekint 144.,Burchardus,,Koynekint,,,,,,,,,144
Burchardus Lymer 199.,Burchardus,,Lymer,,,,,,,,,199
Burchardus Pelegrini 72.,Burchardus,,Pelegrini,,,,,,,,,72
Burchardus Tanner 73.,Burchardus,,Tanner,,,,,,,,,73
Burchardus Tuschemann 73.,Burchardus,,Tuschemann,,,,,,,,,73
Burckardus Burgraeue 72.,Burckardus,,Burgraeue,,,,,,,,,72
Burkardus Bill 294.,Burkardus,,Bill,,,,,,,,,294
Burkardus de Bissingen 111.,Burkardus,,de Bissingen,,,,,,,,,111
Burkardus de Stawfenberg 73.,Burkardus,,de Stawfenberg,,,,,,,,,73
Burkardus de Vallemasonis 73.,Burkardus,,de Vallemasonis,,,,,,,,,73
Burkardus ep. August. 7 298.,Burkardus,,,,,,,ep. August.,,,,7 298
Burkardus ep. Const. 38 96.,Burkardus,,,,,,,ep. Const.,,,,38 96
Burkardus Sutor 73.,Burkardus,,Sutor,,,,,,,,,73
Busso Vitzdum 74.,Busso,,Vitzdum,,,,,,,,,74
Carolus de Boscolis 173.,Carolus,,de Boscolis,,,,,,,,,173
Carolus Gerii 85 95 261.,Carolus,,Gerii,,,,,,,,,85 95 261
Carolus I. imp. 191 354.,Carolus I.,,,,,,,imp.,,,,191 354
Carolus IV. imp. 9 170 188 342.,Carolus IV.,,,,,,,imp.,,,,9 170 188 342
Carolus Vogt 276.,Carolus,,Vogt,,,,,,,,,276
Casimirus rex Polonie 17.,Casimirus,,,,,,,rex Polonie,,,,17
Caspar abb. mon. in Zwarzach 80 281.,Caspar,,,,,,,abb.,mon. in Zwarzach,,,80 281
Caspar de Bibra 74.,Caspar,,de Bibra,,,,,,,,,74
Caspar Forster 111.,Caspar,,Forster,,,,,,,,,111
Caspar Fridelini de Seckingen 74.,Caspar Fridelini,,de Seckingen,,,,,,,,,74
Caspar Hauszendeffer 304.,Caspar,,Hauszendeffer,,,,,,,,,304
Caspar Offenherre 74.,Caspar,,Offenherre,,,,,,,,,74
Caspar Turlinger 75.,Caspar,,Turlinger,,,,,,,,,75
Caspar Voerschenk 75.,Caspar,,Voerschenk,,,,,,,,,75
Castielis abb. mon. de Brondulo 6.,Castielis,,,,,,,abb.,mon. de Brondulo,,,6
Catherina (bar. de Haynaw) 326.,Catherina,,,,,,bar. de Haynaw,,,,,326
Catherina (Daniro) 64.,Catherina,,,,,,Daniro,,,,,64
Catherina (de Langenaw) 220.,Catherina,,,,,,de Langenaw,,,,,220
Catherina (de Rachna) 133.,Catherina,,,,,,de Rachna,,,,,133
Catherina (de Seghen) 164.,Catherina,,,,,,de Seghen,,,,,164
Catherina (de Stawfenberg) 73.,Catherina,,,,,,de Stawfenberg,,,,,73
Catherina (de Vaure) 301.,Catherina,,,,,,de Vaure,,,,,301
Catherina (Eychenholczer) 310.,Catherina,,,,,,Eychenholczer,,,,,310
Catherina (Freh) 90.,Catherina,,,,,,Freh,,,,,90
Catherina (Keyser de Legenitz) 284.,Catherina,,,,,,Keyser de Legenitz,,,,,284
Catherina (Kochemeister) 201.,Catherina,,,,,,Kochemeister,,,,,201
Catherina (Luce) 222.,Catherina,,,,,,Luce,,,,,222
Catherina (Rempel) 236.,Catherina,,,,,,Rempel,,,,,236
Catherina (Schirmer) 326.,Catherina,Schirmer,,,,,,,,,,326
Catherina (Schoet al. Zuderladen) 317.,Catherina,,,,,,Schoet al. Zuderladen,,,,,317
Catherina abbat. mon. de Harbeyser 80.,Catherina,,,,,,,abbat.,mon. de Harbeyser,,,80
Catherina abbat. mon. Hohenburgensis 280.,Catherina,,,,,,,abbat.,mon. Hohenburgensis,,,280
"Catherina de Alenconio, ducissa Bauariæ 75.",Catherina,,de Alenconio,,,,,ducissa Bauariæ,,,,75
Catherina de Borsele(r) al. Vandenne 75.,Catherina,,de Borsele(r),,Vandenne,,,,,,,75
Catherina dict. Stockern 85.,Catherina,,,,Stockern,,,,,,,85
Catherina Enczingerin de Vienna 75.,Catherina Enczingerin,,de Vienna,,,,,,,,,75
Catherina Erici sen. ducis Saxonie nata 192.,Catherina,,,,,Erici sen. ducis Saxonie nata,,,,,,192
Catherina Luchten 75.,Catherina,,Luchten,,,,,,,,,75
Catherina Prylops 9.,Catherina,,Prylops,,,,,,,,,9
Catherina relictæ Gerardi Johannis de Abbenbroke 75.,Catherina,,,,,relictæ Gerardi Johannis de Abbenbroke,,,,,,75
Catherina Wagnerinn 75.,Catherina,,Wagnerinn,,,,,,,,,75
Catherina Wysbretlin 75.,Catherina,,Wysbretlin,,,,,,,,,75
Cecilia Felwerin 99.,Cecilia,,Felwerin,,,,,,,,,99
Cecilia Schopperin de Nuremburga 76.,Cecilia Schopperin,,de Nuremburga,,,,,,,,,76
"Christianus Cobout (Cobaud, Cubout) 9 76 177.",Christianus,,Cobout,"Cobaud, Cubout",,,,,,,,9 76 177
Christianus de Delmenhorst 231.,Christianus,,de Delmenhorst,,,,,,,,,231
Christianus de Erpel 77 182.,Christianus,,de Erpel,,,,,,,,,77 182
Christianus de Osenbrugge 213.,Christianus,,de Osenbrugge,,,,,,,,,213
Christianus Eyken 402.,Christianus,,Eyken,,,,,,,,,402
Christianus Grewleich 146.,Christianus,,Grewleich,,,,,,,,,146
Christianus Haghdorn 77.,Christianus,,Haghdorn,,,,,,,,,77
Christianus Pachendorff 393.,Christianus,,Pachendorff,,,,,,,,,393
Christianus Scriuer 400.,Christianus,,Scriuer,,,,,,,,,400
Christoforus de Reate 77.,Christoforus,,de Reate,,,,,,,,,77
Ciriacus Knwt de Geiltshausen 78.,Ciriacus Knwt,,de Geiltshausen,,,,,,,,,78
Clara (Getzner) 275.,Clara,,,,,,Getzner,,,,,275
Clara (Grolant) 211.,Clara,,,,,,Grolant,,,,,211
Clara (Vogt de Beringen) 250.,Clara,,,,,,Vogt de Beringen,,,,,250
Clara 78.,Clara,,,,,,,,,,,78
Clara abbat. mon. Nussien. 77.,Clara,,,,,,,abbat.,mon. Nussien.,,,77
Clara Ronczin 78.,Clara,,Ronczin,,,,,,,,,78
Clara Wngerothenyne de Legnitz 78.,Clara Wngerothenyne,,de Legnitz,,,,,,,,,78
Claraelisabeth de Pfirt 78.,Claraelisabeth,,de Pfirt,,,,,,,,,78
Claranna abbat. mon. Augie 78.,Claranna,,,,,,,abbat.,mon. Augie,,,78
Claranna de Hogenelugen 361.,Claranna,,de Hogenelugen,,,,,,,,,361
Clemens de Alsentz 78; cf. Nicolaus Frederici de A.,Clemens,,de Alsentz,,,,,,,,Nicolaus Frederici de A,78
Clemens de Nissa 59.,Clemens,,de Nissa,,,,,,,,,59
Clemens Pauli de Costubii 79.,Clemens Pauli,,de Costubii,,,,,,,,,79
Clemens VII. pp. 46 102 115.,Clemens VII.,,,,,,,pp.,,,,46 102 115
Clemens Weysze (Weyse) 386 394.,Clemens,,Weysze,Weyse,,,,,,,,386 394
Clementia (Nicolai) 289.,Clementia,,,,,,Nicolai,,,,,289
Conardus Vogelli 97.,Conardus,,Vogelli,,,,,,,,,97
Conczo de Falkenberg 335.,Conczo,,de Falkenberg,,,,,,,,,335
Conemannus Jacobi de Druchen 80.,Conemannus Jacobi,,de Druchen,,,,,,,,,80
Conradus 27.,Conradus,,,,,,,,,,,27
Conradus abb. mon. in Gengenbach 81.,Conradus,,,,,,,abb.,mon. in Gengenbach,,,81
Conradus abb. mon. in Waltsachsen 81.,Conradus,,,,,,,abb.,mon. in Waltsachsen,,,81
"Conradus Abbenborg (Abbenborch, Abbenborghe, Abbork) 82 201 286 395.",Conradus,,Abbenborg,"Abbenborch, Abbenborghe, Abbork",,,,,,,,82 201 286 395
Conradus Abelonis van der Linden 84.,Conradus,,Abelonis van der Linden,,,,,,,,,84
Conradus aep. Salzb. 323 324.,Conradus,,,,,,,aep. Salzb.,,,,323 324
Conradus Balderot 296.,Conradus,,Balderot,,,,,,,,,296
Conradus Baldewini 84.,Conradus,,Baldewini,,,,,,,,,84
Conradus bar. de Rickenbach 95.,Conradus,,,,,,,bar. de Rickenbach,,,,95
Conradus Bart 85.,Conradus,,Bart,,,,,,,,,85
"Conradus Bayer (Beyer, Beier) de Bopardia, ep. Meten. 85 152 194 386.",Conradus Bayer,"Beyer, Beier",de Bopardia,,,,,ep. Meten.,,,,85 152 194 386
Conradus Bayer de Bopardia 84.,Conradus Bayer,,de Bopardia,,,,,,,,,84
Conradus Bechstede al. dict. Neut 247.,Conradus,,Bechstede,,Neut,,,,,,,247
Conradus Beckir 225.,Conradus,,Beckir,,,,,,,,,225
"Conradus Berchowe (Berchaue, Berhoue, Berghoue) 225.",Conradus,,Berchowe,"Berchaue, Berhoue, Berghoue",,,,,,,,225
Conradus Bersword 86.,Conradus,,Bersword,,,,,,,,,86
Conradus Bonow 86.,Conradus,,Bonow,,,,,,,,,86
Conradus Bosch 330.,Conradus,,Bosch,,,,,,,,,330
Conradus Brantham de Cassel 362.,Conradus Brantham,,de Cassel,,,,,,,,,362
Conradus Brugel 86.,Conradus,,Brugel,,,,,,,,,86
Conradus Burchardi de Michelfelt 386.,Conradus Burchardi,,de Michelfelt,,,,,,,,,386
Conradus Burcherstorfer 86.,Conradus,,Burcherstorfer,,,,,,,,,86
Conradus Bussenmaister 86.,Conradus,,Bussenmaister,,,,,,,,,86
Conradus Castner 129.,Conradus,,Castner,,,,,,,,,129
Conradus Cauchner dux Olsnic. 81.,Conradus,,Cauchner,,,,,dux Olsnic.,,,,81
Conradus Ciuis de Pingwea 8.,Conradus Ciuis,,de Pingwea,,,,,,,,,8
Conradus Cleyndeil de Colonia 87.,Conradus Cleyndeil,,de Colonia,,,,,,,,,87
Conradus Coci 88.,Conradus,,Coci,,,,,,,,,88
Conradus Coci de Smalkalden 88.,Conradus Coci,,de Smalkalden,,,,,,,,,88
Conradus Conradi Camerknecht 249.,Conradus,,Conradi Camerknecht,,,,,,,,,249
Conradus Conradi ducis Slesie natus 50 81 82 260 314.,Conradus,,,,,Conradi ducis Slesie natus,,,,,,50 81 82 260 314
Conradus Coper de Nortwiick 149 373.,Conradus Coper,,de Nortwiick,,,,,,,,,149 373
Conradus de Alen 83.,Conradus,,de Alen,,,,,,,,,83
Conradus de Althaim (Altham) 84 298.,Conradus,,de Althaim,Altham,,,,,,,,84 298
Conradus de Aufsesz 165.,Conradus,,de Aufsesz,,,,,,,,,165
Conradus de Bancaw 85.,Conradus,,de Bancaw,,,,,,,,,85
Conradus de Born 86.,Conradus,,de Born,,,,,,,,,86
Conradus de Bretach 86.,Conradus,,de Bretach,,,,,,,,,86
Conradus de Castris 86.,Conradus,,de Castris,,,,,,,,,86
Conradus de Eltingen 90.,Conradus,,de Eltingen,,,,,,,,,90
Conradus de Eluer 90.,Conradus,,de Eluer,,,,,,,,,90
Conradus de Herbesheim 219.,Conradus,,de Herbesheim,,,,,,,,,219
Conradus de Kirwylre 200.,Conradus,,de Kirwylre,,,,,,,,,200
Conradus de Lapide 128 249 334 372.,Conradus,,de Lapide,,,,,,,,,128 249 334 372
Conradus de Marteshausen 94.,Conradus,,de Marteshausen,,,,,,,,,94
Conradus de Munichwille (Munichwile[r]) 94 104 239 362.,Conradus,,de Munichwille,Munichwile[r],,,,,,,,94 104 239 362
Conradus de Trawn 97.,Conradus,,de Trawn,,,,,,,,,97
Conradus de Vemlein 97.,Conradus,,de Vemlein,,,,,,,,,97
Conradus de Vendorff 346.,Conradus,,de Vendorff,,,,,,,,,346
Conradus de Weydeman 97.,Conradus,,de Weydeman,,,,,,,,,97
Conradus dec. eccl. Colon. 171.,Conradus,,,,,,,dec.,eccl. Colon.,,,171
Conradus dec. eccl. Magunt. 82.,Conradus,,,,,,,dec.,eccl. Magunt.,,,82
Conradus dict. Albus dux Slesie 81.,Conradus,,,,Albus,,,dux Slesie,,,,81
Conradus dict. Medicus 289.,Conradus,,,,Medicus,,,,,,,289
Conradus Doleatoris de Liberacuitate 88.,Conradus Doleatoris,,de Liberacuitate,,,,,,,,,88
Conradus dux Slesie 81 286.,Conradus,,,,,,,dux Slesie,,,,81 286
Conradus Eggehardi (Eckardi) de Casel 89 254.,Conradus Eggehardi,Eckardi,de Casel,,,,,,,,,89 254
Conradus Egghardi (Eckardi) 89.,Conradus,,Egghardi,Eckardi,,,,,,,,89
Conradus Elye de Lauffen 90.,Conradus Elye,,de Lauffen,,,,,,,,,90
Conradus ep. Albicastren. 370.,Conradus,,,,,,,ep. Albicastren.,,,,370
Conradus ep. Cristinopolitan. 130.,Conradus,,,,,,,ep. Cristinopolitan.,,,,130
Conradus ep. Ebronen. 80.,Conradus,,,,,,,ep. Ebronen.,,,,80
Conradus ep. Gurc. resp. Frising. 80 170.,Conradus,,,,,,,ep. Gurc. resp. Frising.,,,,80 170
Conradus ep. Olomuc. 50.,Conradus,,,,,,,ep. Olomuc.,,,,50
Conradus ep. Ratisp. 323.,Conradus,,,,,,,ep. Ratisp.,,,,323
Conradus ep. Venecompen. 10.,Conradus,,,,,,,ep. Venecompen.,,,,10
Conradus Eysenhut 90.,Conradus,,Eysenhut,,,,,,,,,90
Conradus Fabri 90 347.,Conradus,,Fabri,,,,,,,,,90 347
Conradus Fabri de Schildtorff 90.,Conradus Fabri,,de Schildtorff,,,,,,,,,90
Conradus Falkenhayn 90.,Conradus,,Falkenhayn,,,,,,,,,90
Conradus Fraule 90.,Conradus,,Fraule,,,,,,,,,90
Conradus Frech 90.,Conradus,,Frech,,,,,,,,,90
Conradus Fromod 296.,Conradus,,Fromod,,,,,,,,,296
Conradus Fronhouer de Assinheim 90.,Conradus Fronhouer,,de Assinheim,,,,,,,,,90
Conradus Galghenperger 62.,Conradus,,Galghenperger,,,,,,,,,62
Conradus Ganz Ganzow 91.,Conradus,,Ganz Ganzow,,,,,,,,,91
Conradus Gassen 187.,Conradus,,Gassen,,,,,,,,,187
Conradus Gaysler 91.,Conradus,,Gaysler,,,,,,,,,91
Conradus Gleuszner (Glewsener) 103 151.,Conradus,,Gleuszner,Glewsener,,,,,,,,103 151
Conradus Gotfrid 91.,Conradus,,Gotfrid,,,,,,,,,91
Conradus Gruninger 91.,Conradus,,Gruninger,,,,,,,,,91
Conradus Gswind 91.,Conradus,,Gswind,,,,,,,,,91
Conradus Haffner de Nuremberga 91.,Conradus Haffner,,de Nuremberga,,,,,,,,,91
Conradus Hasfurter 177.,Conradus,,Hasfurter,,,,,,,,,177
Conradus Heimelonis 287 397.,Conradus,,Heimelonis,,,,,,,,,287 397
Conradus Henrici de Xanctis 91.,Conradus Henrici,,de Xanctis,,,,,,,,,91
Conradus Herolt 92.,Conradus,,Herolt,,,,,,,,,92
Conradus Hoflich (Hofflich) 92 331.,Conradus,,Hoflich,Hofflich,,,,,,,,92 331
Conradus Horlacher 86.,Conradus,,Horlacher,,,,,,,,,86
Conradus Hosly al. dict. Weydhasz 92.,Conradus,,Hosly,,Weydhasz,,,,,,,92
Conradus Hossel 73 87 92 109 122 153 165 180 181 186 202 245 275 281 352 392 395.,Conradus,,Hossel,,,,,,,,,73 87 92 109 122 153 165 180 181 186 202 245 275 281 352 392 395
Conradus Huoter 92.,Conradus,,Huoter,,,,,,,,,92
Conradus in Pomerio de Orba 390.,Conradus in Pomerio,,de Orba,,,,,,,,,390
Conradus Institoris de Franckfordia 100.,Conradus Institoris,,de Franckfordia,,,,,,,,,100
Conradus Jongermayer 92.,Conradus,,Jongermayer,,,,,,,,,92
Conradus Jungem 154.,Conradus,,Jungem,,,,,,,,,154
Conradus Ketelhaken 89.,Conradus,,Ketelhaken,,,,,,,,,89
Conradus Keymlem 87.,Conradus,,Keymlem,,,,,,,,,87
Conradus Klingler 87.,Conradus,,Klingler,,,,,,,,,87
Conradus Knut 76.,Conradus,,Knut,,,,,,,,,76
"Conradus Konhouer (Conchouer, Conhouer) 88.",Conradus,,Konhouer,"Conchouer, Conhouer",,,,,,,,88
Conradus Lang 93.,Conradus,,Lang,,,,,,,,,93
Conradus Lantman 93.,Conradus,,Lantman,,,,,,,,,93
Conradus Leitsag 260.,Conradus,,Leitsag,,,,,,,,,260
Conradus Lindloer 93.,Conradus,,Lindloer,,,,,,,,,93
Conradus Lodweber (Lodefeder) 93.,Conradus,,Lodweber,Lodefeder,,,,,,,,93
Conradus Loter 93.,Conradus,,Loter,,,,,,,,,93
"Conradus Ludeking (-kink, -kinc) 93 100 133 186 209 218 24 319 361 373 385 387 399.",Conradus,,Ludeking,"-kink, -kinc",,,,,,,,93 100 133 186 209 218 248 319 361 373 385 387 399
Conradus Ludis 340.,Conradus,,Ludis,,,,,,,,,340
Conradus Luffer 93.,Conradus,,Luffer,,,,,,,,,93
Conradus Lusser 97.,Conradus,,Lusser,,,,,,,,,97
Conradus mag. gen. hosp. b. Marie Theoton. 191,Conradus,,,,,,,mag. gen.,hosp. b. Marie Theoton.,,,191
Conradus Mengersruter 94.,Conradus,,Mengersruter,,,,,,,,,94
Conradus Merboden 195.,Conradus,,Merboden,,,,,,,,,195
Conradus Merkingen 184.,Conradus,,Merkingen,,,,,,,,,184
Conradus Metnower 101.,Conradus,,Metnower,,,,,,,,,101
Conradus Moer 94.,Conradus,,Moer,,,,,,,,,94
Conradus Murer 94.,Conradus,,Murer,,,,,,,,,94
Conradus Ortolini de Velden (Veldin) 94.,Conradus Ortolini,,de Velden,Veldin,,,,,,,,94
Conradus Pachperger (Puchperger) 388.,Conradus,,Pachperger,Puchperger,,,,,,,,388
Conradus Paysz 245.,Conradus,,Paysz,,,,,,,,,245
Conradus Per 78.,Conradus,,Per,,,,,,,,,78
Conradus Portenhaghen 264.,Conradus,,Portenhaghen,,,,,,,,,264
Conradus Poszner 273.,Conradus,,Poszner,,,,,,,,,273
Conradus Potenprunner 358.,Conradus,,Potenprunner,,,,,,,,,358
Conradus presb. card. tit. s. Grisogoni 9 303 318.,Conradus,,,,,,,presb. card. tit. s. Grisogoni,,,,9 303 318
Conradus Proyt (Proyst) 221.,Conradus,,Proyt,Proyst,,,,,,,,221
Conradus Raschach 248.,Conradus,,Raschach,,,,,,,,,248
Conradus Roit 216.,Conradus,,Roit,,,,,,,,,216
Conradus Rorgenwiser 95.,Conradus,,Rorgenwiser,,,,,,,,,95
Conradus Rotificis 316.,Conradus,,Rotificis,,,,,,,,,316
Conradus Ryngraue(r) (Reingir) 255.,Conradus,,Ryngraue(r),Reingir,,,,,,,,255
Conradus Scepenstede (Schepestede) 66 82 95.,Conradus,,Scepenstede,Schepestede,,,,,,,,66 82 95
Conradus Schade 95 141 142.,Conradus,,Schade,,,,,,,,,95 141 142
Conradus Schenck de Erbach 350.,Conradus Schenck,,de Erbach,,,,,,,,,350
Conradus Schneczer (Snetzer) al. Heczog 95.,Conradus,,Schneczer,Snetzer,Heczog,,,,,,,95
Conradus Snelle 96.,Conradus,,Snelle,,,,,,,,,96
Conradus Steynruch 96.,Conradus,,Steynruch,,,,,,,,,96
Conradus Styber 110.,Conradus,,Styber,,,,,,,,,110
Conradus Swenniger 96.,Conradus,,Swenniger,,,,,,,,,96
Conradus Tayler 96.,Conradus,,Tayler,,,,,,,,,96
Conradus Tegginger 262.,Conradus,,Tegginger,,,,,,,,,262
Conradus Teytscher 96.,Conradus,,Teytscher,,,,,,,,,96
Conradus Thus 96.,Conradus,,Thus,,,,,,,,,96
Conradus Timpach 391.,Conradus,,Timpach,,,,,,,,,391
Conradus Vallisspeciose 138.,Conradus,,Vallisspeciose,,,,,,,,,138
Conradus Vltius 235.,Conradus,,Vltius,,,,,,,,,235
"Conradus Vnrowe (Onrowe, Vnruw) 10 52 68 97 114 203 254 302.",Conradus,,Vnrowe,"Onrowe, Vnruw",,,,,,,,10 52 68 97 114 203 254 302
Conradus Weylant 11.,Conradus,,Weylant,,,,,,,,,11
Conradus Winterberg 296.,Conradus,,Winterberg,,,,,,,,,296
Conradus Wittrat 164.,Conradus,,Wittrat,,,,,,,,,164
Conradus Wolfhayn 97.,Conradus,,Wolfhayn,,,,,,,,,97
Conradus Zeydlarer 97.,Conradus,,Zeydlarer,,,,,,,,,97
Conradus Zunroosse 362.,Conradus,,Zunroosse,,,,,,,,,362
Constantinus de Vechta 98.,Constantinus,,de Vechta,,,,,,,,,98
Constantinus Morart 204.,Constantinus,,Morart,,,,,,,,,204
Cormacus abb. mon. Ibernicorum e. m. Const. 98.,Cormacus,,,,,,,abb.,mon. Ibernicorum e. m. Const.,,,98
Crafftus Struben 98.,Crafftus,,Struben,,,,,,,,,98
Cristanus de Bela 76.,Cristanus,,de Bela,,,,,,,,,76
Cristanus de Salina 9 76.,Cristanus,,de Salina,,,,,,,,,9 76
Cristanus Drusselkind 339.,Cristanus,,Drusselkind,,,,,,,,,339
Cristanus Ostete 296.,Cristanus,,Ostete,,,,,,,,,296
Cristanus Sacerdotis 91.,Cristanus,,Sacerdotis,,,,,,,,,91
Cristina (Bruse) 106.,Cristina,,,,,,Bruse,,,,,106
Cristina (de Coliszkowo) 202.,Cristina,,,,,,de Coliszkowo,,,,,202
Cristina de Couerde 77.,Cristina,,de Couerde,,,,,,,,,77
Cristoforus Appoteker de Bozano 77.,Cristoforus Appoteker,,de Bozano,,,,,,,,,77
Cristoforus de Gerisdorff (Verisdorff) 77.,Cristoforus,,de Gerisdorff,Verisdorff,,,,,,,,77
Cristoforus de Millosslaw 63.,Cristoforus,,de Millosslaw,,,,,,,,,63
Cristoforus de Saltzeburgo 78.,Cristoforus,,de Saltzeburgo,,,,,,,,,78
Cristoforus prep. mon. in Gries 77 138.,Cristoforus,,,,,,,prep.,mon. in Gries,,,77 138
Cristoforus Weltzer 78.,Cristoforus,,Weltzer,,,,,,,,,78
Cunco Piil 99.,Cunco,,Piil,,,,,,,,,99
Cunczo (Conczo) de Zwola 59 99.,Cunczo,Conczo,de Zwola,,,,,,,,,59 99
Cunegundis (de Lynep) 99.,Cunegundis,,,,,,de Lynep,,,,,99
Cunegundis (Haller de Nurimberga) 274.,Cunegundis,,,,,,Haller de Nurimberga,,,,,274
Cuno abb. mon. s. Galli 155.,Cuno,,,,,,,abb.,mon. s. Galli,,,155
Cunradus Gribenow 253.,Cunradus,,Gribenow,,,,,,,,,253
Cunradus Sutor 96.,Cunradus,,Sutor,,,,,,,,,96
Cuonemannus de Bolsenhem 80.,Cuonemannus,,de Bolsenhem,,,,,,,,,80
"Czamberka de Masaw, ducissa Austrie 99.",Czamberka,,de Masaw,,,,,ducissa Austrie,,,,99
Czolck v. Stanislaus.,Czolck,,,,,,,,,Stanislaus,,
Daliborius de Honczowicz 352.,Daliborius,,de Honczowicz,,,,,,,,,352
Damaslaus dict. Curtus 102.,Damaslaus,,,,Curtus,,,,,,,102
Daniel de Aken 324.,Daniel,,de Aken,,,,,,,,,324
Dechardus Neteler 400.,Dechardus,,Neteler,,,,,,,,,400
"Degenhardus (Degenardus) Wiiler (Wyler, Wilre) 100.",Degenhardus,,Wiiler,"Wyler, Wilre",,,Degenardus,,,,,100
Deghenardus Sceper 122.,Deghenardus,,Sceper,,,,,,,,,122
Desiderius Bachegrain (Baichegrain) 23 101 228 316 335.,Desiderius,,Bachegrain,Baichegrain,,,,,,,,23 101 228 316 335
Detleus (Deytleus) ep. Razeb. 235 312.,Detleus,,,,,,Deytleus,ep. Razeb.,,,,235 312
Detleus Bukzee 100.,Detleus,,Bukzee,,,,,,,,,100
Detmarus 100 131.,Detmarus,,,,,,,,,,,100 131
Detmarus Bersword 100.,Detmarus,,Bersword,,,,,,,,,100
Detmarus de Hardenberghе 100.,Detmarus,,de Hardenberghе,,,,,,,,,100
Diczo Brunonis 100.,Diczo,,Brunonis,,,,,,,,,100
Diepoldus Motzner 298.,Diepoldus,,Motzner,,,,,,,,,298
Diethelmus (Ditelmus) Leman 100 186.,Diethelmus,Ditelmus,Leman,,,,,,,,,100 186
"Dietricus Kanzler (Canzler, Ganzler) 328.",Dietricus,,Kanzler,"Canzler, Ganzler",,,,,,,,328
Dietricus v. Theodericus.,Dietricus,,,,,,,,,Theodericus,,
Ditmarus Leindeckers de Vredem 100.,Ditmarus Leindeckers,,de Vredem,,,,,,,,,100
Dobeslaus de Czesszow 322.,Dobeslaus,,de Czesszow,,,,,,,,,322
Dobislaus de Czesckelle 52.,Dobislaus,,de Czesckelle,,,,,,,,,52
Dobrogostius ep. Poznan. 102.,Dobrogostius,,,,,,,ep. Poznan.,,,,102
Dobrogostius heres de Wysokynyn 101.,Dobrogostius,,,,,,,heres de Wysokynyn,,,,101
Dobrogostius Tornislai de Martin- kowo 101.,Dobrogostius Tornislai,,de Martinkowo,,,,,,,,,101
Domaslaus Milobrati de Clodziino 101.,Domaslaus Milobrati,,de Clodziino,,,,,,,,,101
Dominicus de Alamania 10 101.,Dominicus,,de Alamania,,,,,,,,,10 101
Dominicus de Nouriaco 101.,Dominicus,,de Nouriaco,,,,,,,,,101
Dominicus Jenneti de Marsonno 229.,Dominicus Jenneti,,de Marsonno,,,,,,,,,229
Dominicus Parui 102.,Dominicus,,Parui,,,,,,,,,102
Dominicus Sandiwogii 102.,Dominicus,,Sandiwogii,,,,,,,,,102
Donaldus Obnychan 102.,Donaldus,,Obnychan,,,,,,,,,102
Donyn Andree de Sazyn 102.,Donyn Andree,,de Sazyn,,,,,,,,,102
Dorothea (com. Vegle et Senie) 294.,Dorothea,,,,,,com. Vegle et Senie,,,,,294
Dorothea (de Sax) 269.,Dorothea,,,,,,de Sax,,,,,269
Dorothea (Gruninger) 91.,Dorothea,,,,,,Gruninger,,,,,91
Dorothea (Pulcri) 274.,Dorothea,,,,,,Pulcri,,,,,274
Dorothea Judoci Pistoris de Ins- pruckga 103.,Dorothea Judoci Pistoris,,de Inspruckga,,,,,,,,,103
Dorothea relicta Georgii Polhaimer 103.,Dorothea,,,,,relicta Georgii Polhaimer,,,,,,103
Duringisius Frederici de Mels 279.,Duringisius Frederici,,de Mels,,,,,,,,,279
Eberardus Ycinga 104.,Eberardus,,Ycinga,,,,,,,,,104
Eberhardus (Eberardus) de Wertheim 105 123.,Eberhardus,Eberardus,de Wertheim,,,,,,,,,105 123
"Eberhardus (Ebirhardus, Ebrardus, Euerardus) aep. Salzburg. 11 46 89 103 129 209 223 238 324 364 365.",Eberhardus,"Ebirhardus, Ebrardus, Euerardus",,,,,,aep. Salzburg.,,,,11 46 89 103 129 209 223 238 324 364 365
Eberhardus (Euerhardus) ep. August. 75 76 84 88 115 125 184 212.,Eberhardus,Euerhardus,,,,,,ep. August.,,,,75 76 84 88 115 125 184 212
Eberhardus Burgermaister 112.,Eberhardus,,Burgermaister,,,,,,,,,112
Eberhardus Conradi de Sindelfingen 371.,Eberhardus Conradi,,de Sindelfingen,,,,,,,,,371
Eberhardus de Andela 340.,Eberhardus,,de Andela,,,,,,,,,340
Eberhardus de Krempel 103.,Eberhardus,,de Krempel,,,,,,,,,103
Eberhardus de Lapide 104.,Eberhardus,,de Lapide,,,,,,,,,104
Eberhardus dict. Sinczenpawmer 210.,Eberhardus,,,,Sinczenpawmer,,,,,,,210
Eberhardus ep. Zagrabien. 284.,Eberhardus,,,,,,,ep. Zagrabien.,,,,284
Eberhardus Kamlin 103.,Eberhardus,,Kamlin,,,,,,,,,103
Eberhardus Quegk 230.,Eberhardus,,Quegk,,,,,,,,,230
Eberhardus Schaczel 354.,Eberhardus,,Schaczel,,,,,,,,,354
Eberhardus Schenck de Erbach 105.,Eberhardus Schenck,,de Erbach,,,,,,,,,105
Eberhardus Trukner 352.,Eberhardus,,Trukner,,,,,,,,,352
Eberhardus Vanduren 105.,Eberhardus,,Vanduren,,,,,,,,,105
Eberhardus Vilezing 111.,Eberhardus,,Vilezing,,,,,,,,,111
Eberhardus Wilhelmi de Scharpenstein 105.,Eberhardus Wilhelmi,,de Scharpenstein,,,,,,,,,105
Eberlinus de Degenberg 48.,Eberlinus,,de Degenberg,,,,,,,,,48
Ebirhardus de Yppelbiren 220.,Ebirhardus,,de Yppelbiren,,,,,,,,,220
Ebirhardus Ebirhardi dom. de Eppen- steyn natus 396.,Ebirhardus,,,,,Ebirhardi dom. de Eppensteyn natus,,,,,,396
Eckardus Goring 100 253.,Eckardus,,Goring,,,,,,,,,100 253
Eckebertus com. 324.,Eckebertus,,,,,,,com.,,,,324
Eduardus dux Barren. 106.,Eduardus,,,,,,,dux Barren.,,,,106
Egbertus (Ecbertus) de Hulsten 106.,Egbertus,Ecbertus,de Hulsten,,,,,,,,,106
Egbertus Botel 266.,Egbertus,,Botel,,,,,,,,,266
Egbertus Bullich 106.,Egbertus,,Bullich,,,,,,,,,106
Egbertus de Langelo 57.,Egbertus,,de Langelo,,,,,,,,,57
Egbertus de Wedersche 277.,Egbertus,,de Wedersche,,,,,,,,,277
Eggardus (Eckhardus) Wonsfleyt (Woensflit) 190.,Eggardus,Eckhardus,Wonsfleyt,Woensflit,,,,,,,,190
Eghardus (Eckardus) de Hanensee (Hanenze) 105 178.,Eghardus,Eckardus,de Hanensee,Hanenze,,,,,,,,105 178
Eghardus (Eghehardus) Semele 57 124.,Eghardus,Eghehardus,Semele,,,,,,,,,57 124
Eghardus de Guntersberch 105.,Eghardus,,de Guntersberch,,,,,,,,,105
Eghardus Oldendorp 84 106 173.,Eghardus,,Oldendorp,,,,,,,,,84 106 173
Egidius 107.,Egidius,,,,,,,,,,,107
Egidius de Arnemuden 107.,Egidius,,de Arnemuden,,,,,,,,,107
Egidius de Nantz 107 162 333.,Egidius,,de Nantz,,,,,,,,,107 162 333
Egidius Morardi 215.,Egidius,,Morardi,,,,,,,,,215
Egidius Poteshaymer 304.,Egidius,,Poteshaymer,,,,,,,,,304
Egidius Seczenschild 123 316.,Egidius,,Seczenschild,,,,,,,,,123 316
Egidius Sulczperg 227.,Egidius,,Sulczperg,,,,,,,,,227
Egkardus de Libenberg 106.,Egkardus,,de Libenberg,,,,,,,,,106
Egnolfus de Ettenhemmunster 107.,Egnolfus,,de Ettenhemmunster,,,,,,,,,107
Ekhardus Lewtinger 106.,Ekhardus,,Lewtinger,,,,,,,,,106
Ekkardus de Villanders 106.,Ekkardus,,de Villanders,,,,,,,,,106
Elisabet Vlrici bar. de Haenow uxor 107.,Elisabet,,,,,Vlrici bar. de Haenow uxor,,,,,,107
Elisabeth (ducissa Austrie) 116.,Elisabeth,,,,,,ducissa Austrie,,,,,116
Elisabeth (ducissa Brabantie) 6.,Elisabeth,,,,,,ducissa Brabantie,,,,,6
Elisabeth (Susenhaimmer) 50 107.,Elisabeth,,,,,,Susenhaimmer,,,,,50 107
Elisabeth Andree Susenhaimmer 107.,Elisabeth,,Andree Susenhaimmer,,,,,,,,,107
Elisabetha (Schenk de Geyrn) 368.,Elisabetha,,,,,,Schenk de Geyrn,,,,,368
Elizabet (de Eglofstein) 42.,Elizabet,,,,,,de Eglofstein,,,,,42
Elizabet abbat. eccl. secul. Assinden 99.,Elizabet,,,,,,,abbat.,eccl. secul. Assinden,,,99
Elizabet duxissa Sleswic. 190.,Elizabet,,,,,,,duxissa Sleswic.,,,,190
Elizabet Petri 372.,Elizabet,,Petri,,,,,,,,,372
Elizabet Reynardi Teltitz 345.,Elizabet,,Reynardi Teltitz,,,,,,,,,345
Elizabeth (bar. de Isenburg) 346.,Elizabeth,,,,,,bar. de Isenburg,,,,,346
Elizabeth (burggr. Nuremburgen.) 121.,Elizabeth,,,,,,burggr. Nuremburgen.,,,,,121
Elizabeth (Colkhagen) 202.,Elizabeth,,,,,,Colkhagen,,,,,202
Elizabeth (com. de Nassaw) 321.,Elizabeth,,,,,,com. de Nassaw,,,,,321
Elizabeth (de Caco) 259.,Elizabeth,,,,,,de Caco,,,,,259
Elizabeth (de Hohenloch) 42.,Elizabeth,,,,,,de Hohenloch,,,,,42
Elizabeth (Legate) 137.,Elizabeth,Legate,,,,,,,,,,137
"Elizabeth (Sosener, Sefener) 363.",Elizabeth,,,,,,"Sosener, Sefener",,,,,363
Elizabeth Alsli 290.,Elizabeth,,Alsli,,,,,,,,,290
Elizabeth Belwerdes 270.,Elizabeth,,Belwerdes,,,,,,,,,270
Elizabeth Chewalin 107.,Elizabeth,,Chewalin,,,,,,,,,107
Elizabeth Euerhardi com. de Wirttenberg uxor 107.,Elizabeth,,,,,Euerhardi com. de Wirttenberg uxor,,,,,,107
Elizabeth Haydelfingerin 91.,Elizabeth,,Haydelfingerin,,,,,,,,,91
Elizabeth Nicolai de Czeisberge 65.,Elizabeth Nicolai,,de Czeisberge,,,,,,,,,65
Elizabeth relictæ Ditmari Lustle 327.,Elizabeth,,,,,relictæ Ditmari Lustle,,,,,,327
Elizabeth relictæ Hermanni Pynen 107.,Elizabeth,,,,,relictæ Hermanni Pynen,,,,,,107
Elizabeth sive Elsa (de Villanders Vilandres) 106 129.,Elizabeth,,,,Elsa (de Villanders Vilandres),,,,,,,106 129
Elizabetha Constantini de Liisenkircher 84.,Elizabetha Constantini,,de Liisenkircher,,,,,,,,,84
Elizabetha relictæ Gerardi com. Holczacie 336.,Elizabetha,,,,,relictæ Gerardi com. Holczacie,,,,,,336
Elsa de Villanders v. Elizabeth.,Elsa,,de Villanders,,,,,,,Elizabeth,,
Elsa Lawilini Gullen 107.,Elsa,,Lawilini Gullen,,,,,,,,,107
Elsa Ronchis 212.,Elsa,,Ronchis,,,,,,,,,212
Elysabeta relictæ Johannis Heyden de Neumburg 107.,Elysabeta,,,,,relictæ Johannis Heyden de Neumburg,,,,,,107
Elysabeth (bar. de Czelking) 150.,Elysabeth,,,,,,bar. de Czelking,,,,,150
Elyzabeth Raymannyn 165.,Elyzabeth,,Raymannyn,,,,,,,,,165
Elyzabeth Schurgerin 107.,Elyzabeth,,Schurgerin,,,,,,,,,107
Elyzabeth Windheymen 175.,Elyzabeth,,Windheymen,,,,,,,,,175
Elyzabetta (Hohenfirst) 217.,Elyzabetta,,,,,,Hohenfirst,,,,,217
Elzaba (de Moe ///// ente) 347.,Elzaba,,,,,,de Moe ///// ente,,,,,347
Emeramus Reyner 395.,Emeramus,,Reyner,,,,,,,,,395
Emericus de Drueten (Druten) 108.,Emericus,,de Drueten,Druten,,,,,,,,108
Emericus de Sunszhem 108.,Emericus,,de Sunszhem,,,,,,,,,108
Emericus Emerici Bisschoff 108.,Emericus,,Emerici Bisschoff,,,,,,,,,108
Emericus Johannis de Rosenstain 108.,Emericus Johannis,,de Rosenstain,,,,,,,,,108
Emondus de Brandenborgh 108.,Emondus,,de Brandenborgh,,,,,,,,,108
Emondus Goeswini de Griende 108.,Emondus Goeswini,,de Griende,,,,,,,,,108
Eneda (Byrke de Wynezk) 64.,Eneda,,,,,,Byrke de Wynezk,,,,,64
Engelbertus (Ingelbertus) Hauere(n) 108 246 392.,Engelbertus,Ingelbertus,Hauere(n),,,,,,,,,108 246 392
Engelbertus de Marka 109.,Engelbertus,,de Marka,,,,,,,,,109
Engelbertus Holsther al. Ernck(e) 109 263.,Engelbertus,,Holsther,,Ernck(e),,,,,,,109 263
Engelbertus Widenrade 109 182.,Engelbertus,,Widenrade,,,,,,,,,109 182
Engelhardus de Bachenstein (Backenstein) 109.,Engelhardus,,de Bachenstein,Backenstein,,,,,,,,109
Engelhardus de Ebersteyn 109.,Engelhardus,,de Ebersteyn,,,,,,,,,109
Engelrart (Oyuerstoultz) 231.,Engelrart,,,,,,Oyuerstoultz,,,,,231
Enghelow Rike 266.,Enghelow,,Rike,,,,,,,,,266
Englinus (Engelinus) de Brilon 385.,Englinus,Engelinus,de Brilon,,,,,,,,,385
Erasmus (Herasmus) Drusselkind de Salina 110.,Erasmus,Herasmus,Drusselkind,,,,de Salina,,,,,110
Erasmus Auerberger (Alburberger) 110 210.,Erasmus,,Auerberger,Alburberger,,,,,,,,110 210
Erasmus de Swecia 58.,Erasmus,,de Swecia,,,,,,,,,58
Erasmus de Weyspruch 110.,Erasmus,,de Weyspruch,,,,,,,,,110
Erasmus Liechtenberger 110.,Erasmus,,Liechtenberger,,,,,,,,,110
Erasmus Lubel de Lak 110.,Erasmus Lubel,,de Lak,,,,,,,,,110
Erasmus Pucznar 161.,Erasmus,,Pucznar,,,,,,,,,161
Erasmus Rasp 303.,Erasmus,,Rasp,,,,,,,,,303
Erasmus Sweinwarter 110.,Erasmus,,Sweinwarter,,,,,,,,,110
Erasmus Willich 110.,Erasmus,,Willich,,,,,,,,,110
Ereda Blachuerwern 167.,Ereda,,Blachuerwern,,,,,,,,,167
Erhardus (Gerardus) abb. mon. s. Lamberti in Sewn 110.,Erhardus,Gerardus,,,,,,abb.,mon. s. Lamberti in Sewn,,,110
Erhardus de Schala 276.,Erhardus,,de Schala,,,,,,,,,276
Erhardus NaseloyS (Naslos) 111 147 226.,Erhardus,,NaseloyS,Naslos,,,,,,,,111 147 226
Erhardus Rasp 304.,Erhardus,,Rasp,,,,,,,,,304
Erhardus Rudusch 111.,Erhardus,,Rudusch,,,,,,,,,111
Erhardus Satelpoger 304.,Erhardus,,Satelpoger,,,,,,,,,304
Erhardus Schot 111.,Erhardus,,Schot,,,,,,,,,111
Erhardus Spannagel (Spanger) 112.,Erhardus,,Spannagel,Spanger,,,,,,,,112
Erhardus Zorne 139.,Erhardus,,Zorne,,,,,,,,,139
Erhardus †Johannis Tuffelin 111.,Erhardus,,†Johannis Tuffelin,,,,,,,,,111
Ericus com. de Hoya 112.,Ericus,,,,,,,com. de Hoya,,,,112
Ericus Dozenrode (Dosenrade) 11 48.,Ericus,,Dozenrode,Dosenrade,,,,,,,,11 48
Ericus Krummedike 336.,Ericus,,Krummedike,,,,,,,,,336
Ericus rex Dacie 8 337.,Ericus,,,,,,,rex Dacie,,,,8 337
Erkingerus de Sarnisheim 110.,Erkingerus,,de Sarnisheim,,,,,,,,,110
Ermigarda de Velde 112.,Ermigarda,,de Velde,,,,,,,,,112
Ernestus (Hernestus) dux Austrie 99 242 245 258.,Ernestus,Hernestus,,,,,,dux Austrie,,,,99 242 245 258
Ernestus Awer 112.,Ernestus,,Awer,,,,,,,,,112
Ernestus dux Bauarie 267.,Ernestus,,,,,,,dux Bauarie,,,,267
Errorius v. Gregorius XII. pp.,Errorius,,,,,,,,,Gregorius XII. pp,,
Euerardus Czolinger 334.,Euerardus,,Czolinger,,,,,,,,,334
Euerardus Foet 14.,Euerardus,,Foet,,,,,,,,,14
Euerardus Junge 155.,Euerardus,,Junge,,,,,,,,,155
Euerardus Lakepren 104.,Euerardus,,Lakepren,,,,,,,,,104
Euerardus Last 104.,Euerardus,,Last,,,,,,,,,104
Euerhardus (Euerardus) Lupi 11 104 204 373.,Euerhardus,Euerardus,Lupi,,,,,,,,,11 104 204 373
Euerhardus Bruggenoyge 103.,Euerhardus,,Bruggenoyge,,,,,,,,,103
Euerhardus de Emolt (Enichlo) 103.,Euerhardus,,de Emolt,,,,Enichlo,,,,,103
Euerhardus de Lymburg 104.,Euerhardus,,de Lymburg,,,,,,,,,104
Euerhardus Gunge al. Piper 104 217.,Euerhardus,,Gunge,,Piper,,,,,,,104 217
Euerhardus Menger 304.,Euerhardus,,Menger,,,,,,,,,304
Euerhardus Osterberg 396.,Euerhardus,,Osterberg,,,,,,,,,396
Euerhardus Polman 105.,Euerhardus,,Polman,,,,,,,,,105
Euerhardus Swane 105.,Euerhardus,,Swane,,,,,,,,,105
Euerhardus Werminchus 159.,Euerhardus,,Werminchus,,,,,,,,,159
Ewaldus Toppelrisz 387.,Ewaldus,,Toppelrisz,,,,,,,,,387
Eylhardus Moleman 107.,Eylhardus,,Moleman,,,,,,,,,107
Falko prep. eccl. b. Marie castri Aldenburg. 112.,Falko,,,,,,,prep.,eccl. b. Marie castri Aldenburg.,,,112
Felix Letz 226.,Felix,,Letz,,,,,,,,,226
Ferricus abb. mon. Gorsien. 371.,Ferricus,,,,,,,abb.,mon. Gorsien.,,,371
Fidericus Pattensen 223.,Fidericus,,Pattensen,,,,,,,,,223
Filipus dux Mediolan. 320.,Filipus,,,,,,,dux Mediolan.,,,,320
Floora relictæ Magni Bootes 113.,Floora,,,,,relictæ Magni Bootes,,,,,,113
Florentius Arnoldi 402.,Florentius,,Arnoldi,,,,,,,,,402
Florentius de Altmæd 113.,Florentius,,de Altmæd,,,,,,,,,113
Florentius de Haemstede 113.,Florentius,,de Haemstede,,,,,,,,,113
Franciscus abb. mon. s. Petri Assisinat. 288.,Franciscus,,,,,,,abb.,mon. s. Petri Assisinat.,,,288
Franciscus Beyer 387.,Franciscus,,Beyer,,,,,,,,,387
Franciscus Bothener de Legenitz 113.,Franciscus Bothener,,de Legenitz,,,,,,,,,113
Franciscus Briger 113.,Franciscus,,Briger,,,,,,,,,113
Franciscus Clem de Dythmarzdorff 385.,Franciscus Clem,,de Dythmarzdorff,,,,,,,,,385
Franciscus Czegenbein (Czegenbeyn) 113.,Franciscus,,Czegenbein,Czegenbeyn,,,,,,,,113
Franciscus de Beneschaw 82 188 240 284.,Franciscus,,de Beneschaw,,,,,,,,,82 188 240 284
Franciscus de Boscolis 173 367.,Franciscus,,de Boscolis,,,,,,,,,173 367
Franciscus de Gebiczka 247.,Franciscus,,de Gebiczka,,,,,,,,,247
Franciscus de Madio 9.,Franciscus,,de Madio,,,,,,,,,9
Franciscus de Marerio 303.,Franciscus,,de Marerio,,,,,,,,,303
Franciscus de Osseczna 114.,Franciscus,,de Osseczna,,,,,,,,,114
Franciscus de Pizolpassis (Pizzolpassis) de Bononia 114 283.,Franciscus,,de Pizolpassis,Pizzolpassis,,,de Bononia,,,,,114 283
Franciscus diac. card. ss. Cosme et Damiani Florentin. nuncup. 52 113.,Franciscus,,,,,,,diac. card. ss. Cosme et Damiani Florentin. nuncup.,,,,52 113
Franciscus ep. Aretin. 113.,Franciscus,,,,,,,ep. Aretin.,,,,113
Franciscus Floser (Fleser) 82 113.,Franciscus,,Floser,Fleser,,,,,,,,82 113
Franciscus Gogenschnabel 73.,Franciscus,,Gogenschnabel,,,,,,,,,73
Franciscus Hornyk de Mysa 113.,Franciscus Hornyk,,de Mysa,,,,,,,,,113
Franciscus Pelegrini 114.,Franciscus,,Pelegrini,,,,,,,,,114
Franciscus presb. card. tit. 4 Coronat. 13 23 269.,Franciscus,,,,,,,presb. card. tit. 4 Coronat.,,,,13 23 269
Franciscus presb. card. tit. s. Crucis resp. ep. Sabinen. 173 315 398.,Franciscus,,,,,,,presb. card. tit. s. Crucis resp. ep. Sabinen.,,,,173 315 398
Franciscus Seerf 114.,Franciscus,,Seerf,,,,,,,,,114
"Franciscus Tanhawser (Tanhauser, Tanhwser) 230 328 385.",Franciscus,,Tanhawser,"Tanhauser, Tanhwser",,,,,,,,230 328 385
Franco Hoefslegher 11.,Franco,,Hoefslegher,,,,,,,,,11
Franko de Ingelnheim (Ingeulheim) 114.,Franko,,de Ingelnheim,Ingeulheim,,,,,,,,114
Fredericus (Fredericus) burgravius Nu renberg. 13 111 121 230 267.,Fredericus,Fredericus,,,,,,burgravius Nu renberg.,,,,13 111 121 230 267
Fredericus (Fredericus) Stiber (Stieber) 109 133 273.,Fredericus,Fredericus,Stiber,Stieber,,,,,,,,109 133 273
Fredericus (Fridericus) aep. Col. 6 12 37 63 79 92 106 115 169 180 232 297 319 346 347 356.,Fredericus,Fridericus,,,,,,aep. Col.,,,,6 12 37 63 79 92 106 115 169 180 232 297 319 346 347 356
Fredericus (Fridericus) dux Austrie 59 116 160 219 280 328 389.,Fredericus,Fridericus,,,,,,dux Austrie,,,,59 116 160 219 280 328 389
Fredericus (Fridericus) ep. Eystet. 39 42 92 115 189.,Fredericus,Fridericus,,,,,,ep. Eystet.,,,,39 42 92 115 189
Fredericus abb. mon. Augie maioris 8.,Fredericus,,,,,,,abb.,mon. Augie maioris,,,8
Fredericus abb. mon. in Campidona 12 116.,Fredericus,,,,,,,abb.,mon. in Campidona,,,12 116
Fredericus abb. mon. in Hirsaw 125.,Fredericus,,,,,,,abb.,mon. in Hirsaw,,,125
Fredericus com. de Ortenbergh 12.,Fredericus,,,,,,,com. de Ortenbergh,,,,12
Fredericus com. de Toggenburg 122.,Fredericus,,,,,,,com. de Toggenburg,,,,122
Fredericus de Parsberg (Prosperc) 121,Fredericus,,de Parsberg,Prosperc,,,,,,,,121
Fredericus de Rodesleue 198.,Fredericus,,de Rodesleue,,,,,,,,,198
Fredericus de Sufelnheim 202.,Fredericus,,de Sufelnheim,,,,,,,,,202
Fredericus de Vinendorpe 122.,Fredericus,,de Vinendorpe,,,,,,,,,122
Fredericus de Wertheim 123.,Fredericus,,de Wertheim,,,,,,,,,123
Fredericus de Zalendorff 121.,Fredericus,,de Zalendorff,,,,,,,,,121
Fredericus de Zolre 203.,Fredericus,,de Zolre,,,,,,,,,203
Fredericus ep. August. resp. Brandeb. 52 115.,Fredericus,,,,,,,ep. August. resp. Brandeb.,,,,52 115
Fredericus ep. Seccov. 182.,Fredericus,,,,,,,ep. Seccov.,,,,182
Fredericus ep. Traiect. 43 115 227 319 343 356 368.,Fredericus,,,,,,,ep. Traiect.,,,,43 115 227 319 343 356 368
Fredericus ep. Tullen. 292.,Fredericus,,,,,,,ep. Tullen.,,,,292
Fredericus iunior lantgr. Thuringie 13.,Fredericus iunior,,,,,,,lantgr. Thuringie,,,,13
Fredericus Luthge 326.,Fredericus,,Luthge,,,,,,,,,326
Fredericus marchio Misn. 332.,Fredericus,,,,,,,marchio Misn.,,,,332
Fredericus Mormone 120.,Fredericus,,Mormone,,,,,,,,,120
Fredericus Penchekaw (Penchcau) 121,Fredericus,,Penchekaw,Penchcau,,,,,,,,121
Fredericus Pflantz 121.,Fredericus,,Pflantz,,,,,,,,,121
Fredericus Raueld 122.,Fredericus,,Raueld,,,,,,,,,122
Fredericus Rentzel 364.,Fredericus,,Rentzel,,,,,,,,,364
Fredericus Rese 387.,Fredericus,,Rese,,,,,,,,,387
Fredericus Rost 248.,Fredericus,,Rost,,,,,,,,,248
Fredericus Rothardi (Rathardi) 5 7 70 141 396.,Fredericus,,Rothardi,Rathardi,,,,,,,,5 7 70 141 396
Fredericus Saher 234.,Fredericus,,Saher,,,,,,,,,234
Fredericus Sartoris 121.,Fredericus,,Sartoris,,,,,,,,,121
Fredericus Sattler 388.,Fredericus,,Sattler,,,,,,,,,388
Fredericus Schenk de Limpurck 122.,Fredericus Schenk,,de Limpurck,,,,,,,,,122
Fredericus Schrode 122.,Fredericus,,Schrode,,,,,,,,,122
Fredericus senior lantgr. Thuringie 13.,Fredericus senior,,,,,,,lantgr. Thuringie,,,,13
Fredericus Stawchaymer (Stawchaimer Stawcheimer) 122 153.,Fredericus,,Stawchaymer,Stawchaimer Stawcheimer,,,,,,,,122 153
Fredericus Vizenawer 123.,Fredericus,,Vizenawer,,,,,,,,,123
Friczmannus Sundel de Offwiler 123.,Friczmannus Sundel,,de Offwiler,,,,,,,,,123
Fridericus (Fridericus) Buhardi 68 72 92 150.,Fridericus,Fridericus,Buhardi,,,,,,,,,68 72 92 150
Fridericus (Fridericus) de Arnhem 12 117.,Fridericus,Fridericus,de Arnhem,,,,,,,,,12 117
"Fridericus (Fridericus) de Frawenberg (Frawnberg, Frouwberger) 119 122 223.",Fridericus,Fridericus,de Frawenberg,"Frawnberg, Frouwberger",,,,,,,,119 122 223
Fridericus (Fridericus) Friderici de Wyenna 119.,Fridericus,Fridericus,Friderici,,,,de Wyenna,,,,,119
Fridericus 53.,Fridericus,,,,,,,,,,,53
Fridericus Baecht 111.,Fridericus,,Baecht,,,,,,,,,111
Fridericus Beren 12.,Fridericus,,Beren,,,,,,,,,12
Fridericus Blochols 118.,Fridericus,,Blochols,,,,,,,,,118
Fridericus Chalsperger 61.,Fridericus,,Chalsperger,,,,,,,,,61
Fridericus Cilie Segorieque com. 118.,Fridericus,,Cilie Segorieque,,,,,com.,,,,118
Fridericus com. de Czolrn 118.,Fridericus,,,,,,,com. de Czolrn,,,,118
Fridericus com. in Hennenberg 154.,Fridericus,,,,,,,com. in Hennenberg,,,,154
Fridericus Crogher 118.,Fridericus,,Crogher,,,,,,,,,118
"Fridericus de Alsentz (Alsencz, Alsen tzia) 78 116 280.",Fridericus,,de Alsentz,"Alsencz, Alsen tzia",,,,,,,,78 116 280
Fridericus de Banck 187.,Fridericus,,de Banck,,,,,,,,,187
Fridericus de Chulib 397.,Fridericus,,de Chulib,,,,,,,,,397
Fridericus de Elrbach 392.,Fridericus,,de Elrbach,,,,,,,,,392
Fridericus de Holern 391.,Fridericus,,de Holern,,,,,,,,,391
Fridericus Deys(t) 12 118 205.,Fridericus,,Deys(t),,,,,,,,,12 118 205
Fridericus Diemel 200.,Fridericus,,Diemel,,,,,,,,,200
Fridericus Eychenagel 119.,Fridericus,,Eychenagel,,,,,,,,,119
Fridericus Finsler 92.,Fridericus,,Finsler,,,,,,,,,92
Fridericus Flenne 296.,Fridericus,,Flenne,,,,,,,,,296
Fridericus Fodensleue (Fondesleue) 122.,Fridericus,,Fodensleue,Fondesleue,,,,,,,,122
Fridericus Geraupt 94.,Fridericus,,Geraupt,,,,,,,,,94
Fridericus Geyser 266.,Fridericus,,Geyser,,,,,,,,,266
Fridericus Gherlacher 119.,Fridericus,,Gherlacher,,,,,,,,,119
Fridericus Grater 94.,Fridericus,,Grater,,,,,,,,,94
Fridericus Grendel 119.,Fridericus,,Grendel,,,,,,,,,119
Fridericus Hack (Hake[n]) 120 387.,Fridericus,,Hack,Hake[n],,,,,,,,120 387
Fridericus Heilgenstein (Hilgensteyn) 120.,Fridericus,,Heilgenstein,Hilgensteyn,,,,,,,,120
Fridericus Hossel 120.,Fridericus,,Hossel,,,,,,,,,120
Fridericus Johannes Bremser 120.,Fridericus,,Johannes Bremser,,,,,,,,,120
Fridericus Junge 296.,Fridericus,,Junge,,,,,,,,,296
Fridericus Luchkner 120.,Fridericus,,Luchkner,,,,,,,,,120
Fridericus Ypphouer 150.,Fridericus,,Ypphouer,,,,,,,,,150
Fulco de Marleyo 184.,Fulco,,de Marleyo,,,,,,,,,184
Fya (Ottonis) 301.,Fya,,,,,,Ottonis,,,,,301
G. Doern 387.,G.,,Doern,,,,,,,,,387
Galfridus Luckaw 282.,Galfridus,,Luckaw,,,,,,,,,282
Garoslus de Gynono 282.,Garoslus,,de Gynono,,,,,,,,,282
Gaspar Han 74.,Gaspar,,Han,,,,,,,,,74
Gauardinus de Metallis de Gargnan Rippe 124.,Gauardinus,,de Metallis,,,,de Gargnan Rippe,,,,,124
Gela (Lotteri) 312.,Gela,,,,,,Lotteri,,,,,312
Gela relictä Ewaldi de Hattenbach 335,Gela,,,,,relictä Ewaldi de Hattenbach,,,,,,335
Georgius 244.,Georgius,,,,,,,,,,,244
Georgius abb. mon. in Obernborg 125.,Georgius,,,,,,,abb.,mon. in Obernborg,,,125
Georgius abb. mon. in Pruel 125.,Georgius,,,,,,,abb.,mon. in Pruel,,,125
Georgius Aichperger 304.,Georgius,,Aichperger,,,,,,,,,304
Georgius Benkonis de Cile 125.,Georgius Benkonis,,de Cile,,,,,,,,,125
Georgius de Bibra 163.,Georgius,,de Bibra,,,,,,,,,163
Georgius de Elspe 163.,Georgius,,de Elspe,,,,,,,,,163
Georgius de Fewhtwang al. dict. Sweitzer 96.,Georgius,,de Fewhtwang,,Sweitzer,,,,,,,96
Georgius de Fredelant (Vredelant) 42 125.,Georgius,,de Fredelant,Vredelant,,,,,,,,42 125
Georgius de Frydinghen 287.,Georgius,,de Frydinghen,,,,,,,,,287
Georgius de Gerolczeke 340.,Georgius,,de Gerolczeke,,,,,,,,,340
Georgius de Lewenstein 126.,Georgius,,de Lewenstein,,,,,,,,,126
Georgius de Naren 123.,Georgius,,de Naren,,,,,,,,,123
Georgius de Pala 13 77 120 127 213 219.,Georgius,,de Pala,,,,,,,,,13 77 120 127 213 219
Georgius de Persperg(er) 185 388.,Georgius,,de Persperg(er),,,,,,,,,185 388
Georgius de Semenikch 146.,Georgius,,de Semenikch,,,,,,,,,146
Georgius de Vestenberg (Vestemberg) 128.,Georgius,,de Vestenberg,Vestemberg,,,,,,,,128
Georgius de Vilandres 129.,Georgius,,de Vilandres,,,,,,,,,129
Georgius de Wandisleben 221.,Georgius,,de Wandisleben,,,,,,,,,221
Georgius ep. Patav. 13 17 45 50 690 122 124 151 245 259 291 300 33359 388 398.,Georgius,,,,,,,ep. Patav.,,,,13 17 45 50 62 90 122 124 151 245 259 291 300 333 359 388 398
Georgius ep. Trident. v. Georius.,Georgius,,,,,,,ep. Trident.,,Georius,,
Georgius Frawnberger 125.,Georgius,,Frawnberger,,,,,,,,,125
Georgius Georgii de Ecstein 126.,Georgius Georgii,,de Ecstein,,,,,,,,,126
Georgius Gremoltzhauser 126.,Georgius,,Gremoltzhauser,,,,,,,,,126
Georgius Halberstat 91 142 328.,Georgius,,Halberstat,,,,,,,,,91 142 328
Georgius Hilprandi 126.,Georgius,,Hilprandi,,,,,,,,,126
Georgius Hofeman 204.,Georgius,,Hofeman,,,,,,,,,204
Georgius Irsinger (Eresinger) 15 205 376 378.,Georgius,,Irsinger,Eresinger,,,,,,,,15 205 376 378
Georgius Keller 125.,Georgius,,Keller,,,,,,,,,125
Georgius Lichtenberg 127. 256.,Georgius,,Lichtenberg,,,,,,,,,127 256
Georgius Muer 127.,Georgius,,Muer,,,,,,,,,127
Georgius Murlin (Murlen) 127.,Georgius,,Murlin,Murlen,,,,,,,,127
Georgius Nayl 282.,Georgius,,Nayl,,,,,,,,,282
Georgius Nerii 316.,Georgius,,Nerii,,,,,,,,,316
Georgius Prentel 75.,Georgius,,Prentel,,,,,,,,,75
Georgius Rudmund 128.,Georgius,,Rudmund,,,,,,,,,128
Georgius Scheyerer 128.,Georgius,,Scheyerer,,,,,,,,,128
Georgius Thraunsdorfer 128.,Georgius,,Thraunsdorfer,,,,,,,,,128
Georgius Vokch al. Vockenlander de Kytzpuhel (Kitzpuhel) 129 279.,Georgius Vokch,,de Kytzpuhel,Kitzpuhel,Vockenlander,,,,,,,129 279
Georgius Weydacher 129.,Georgius,,Weydacher,,,,,,,,,129
Georius (Georgius) ep. Trident. 13 77 124 233.,Georius,Georgius,,,,,,ep. Trident.,,,,13 77 124 233
Georius Gelbman 20.,Georius,,Gelbman,,,,,,,,,20
Gerarda (de Genth) 371.,Gerarda,,,,,,de Genth,,,,,371
Gerardus (Geraldus) de Beke 129.,Gerardus,Geraldus,de Beke,,,,,,,,,129
Gerardus (Gherardus) de Werdena (Verdena) 63 102 117 131 322 340 373 385 392.,Gerardus,Gherardus,de Werdena,Verdena,,,,,,,,63 102 117 131 322 340 373 385 392
Gerardus abb. mon. in Sewn 110.,Gerardus,,,,,,,abb.,mon. in Sewn,,,110
Gerardus abb. mon. s. Pirminii in Hornbach 204.,Gerardus,,,,,,,abb.,mon. s. Pirminii in Hornbach,,,204
Gerardus Bleyli (Theutonicus) 129.,Gerardus,,Bleyli,,,,Theutonicus,,,,,129
Gerardus Buc de Dursten 130.,Gerardus Buc,,de Dursten,,,,,,,,,130
Gerardus de Bersen 231.,Gerardus,,de Bersen,,,,,,,,,231
Gerardus de Brunchorst 319.,Gerardus,,de Brunchorst,,,,,,,,,319
Gerardus de Cliuis 130.,Gerardus,,de Cliuis,,,,,,,,,130
Gerardus de Dalfsen 130.,Gerardus,,de Dalfsen,,,,,,,,,130
Gerardus de Lydenkirken (Niekirkin) 131.,Gerardus,,de Lydenkirken,Niekirkin,,,,,,,,131
Gerardus de Monte 390.,Gerardus,,de Monte,,,,,,,,,390
Gerardus de Thouen 17.,Gerardus,,de Thouen,,,,,,,,,17
Gerardus de Visbek 214.,Gerardus,,de Visbek,,,,,,,,,214
Gerardus ep. Nuemb. 13 129.,Gerardus,,,,,,,ep. Nuemb.,,,,13 129
Gerardus Gerardi 336.,Gerardus,,Gerardi,,,,,,,,,336
Gerardus Gerardi Saffenberg 130.,Gerardus,,Gerardi Saffenberg,,,,,,,,,130
Gerardus Gladiatoris (Gladiatoris) 174 344.,Gerardus,,Gladiatoris,Gladiatoris,,,,,,,,174 344
Gerardus Haen 130.,Gerardus,,Haen,,,,,,,,,130
Gerardus Hectoris 131.,Gerardus,,Hectoris,,,,,,,,,131
Gerardus Hemmert 224.,Gerardus,,Hemmert,,,,,,,,,224
Gerardus Holl 351.,Gerardus,,Holl,,,,,,,,,351
Gerardus Johannis 204.,Gerardus,,Johannis,,,,,,,,,204
"Gerardus Kock (Koeck, Koc) 355.",Gerardus,,Kock,"Koeck, Koc",,,,,,,,355
Gerardus Koeuoet (Koewoet) 356.,Gerardus,,Koeuoet,Koewoet,,,,,,,,356
Gerardus Oem 231.,Gerardus,,Oem,,,,,,,,,231
Gerardus Pilgrini 131.,Gerardus,,Pilgrini,,,,,,,,,131
Gerardus Randinch de Groninghen 214.,Gerardus Randinch,,de Groninghen,,,,,,,,,214
Gerardus Sartoris 121.,Gerardus,,Sartoris,,,,,,,,,121
Gerardus Stuerman 131 263 267.,Gerardus,,Stuerman,,,,,,,,,131 263 267
Gerardus Wert 393.,Gerardus,,Wert,,,,,,,,,393
Gerhardus abb. mon. Steynfelden. 76.,Gerhardus,,,,,,,abb.,mon. Steynfelden.,,,76
Gerhardus Coci 130.,Gerhardus,,Coci,,,,,,,,,130
Gerhardus de Slonechten 284.,Gerhardus,,de Slonechten,,,,,,,,,284
Gerhardus Lobeswitz 131.,Gerhardus,,Lobeswitz,,,,,,,,,131
Gerhardus Martinelli de Ponte 131.,Gerhardus Martinelli,,de Ponte,,,,,,,,,131
Geriuigus Weczel de Prigantia 201.,Geriuigus Weczel,,de Prigantia,,,,,,,,,201
Gerlacus abb. mon. de Roselde 240.,Gerlacus,,,,,,,abb.,mon. de Roselde,,,240
Gerlacus aep. Magunt. 357.,Gerlacus,,,,,,,aep. Magunt.,,,,357
Gerlacus Buck de Esch 132 198 220.,Gerlacus Buck,,de Esch,,,,,,,,,132 198 220
Gerlacus Cramer al. dict. Bucking 89.,Gerlacus,,Cramer,,Bucking,,,,,,,89
Gerlacus de Bremis 83.,Gerlacus,,de Bremis,,,,,,,,,83
Gerlacus de Loen 132.,Gerlacus,,de Loen,,,,,,,,,132
Gerlacus Eymerer 132.,Gerlacus,,Eymerer,,,,,,,,,132
"Gerlacus Siluestri de Muntebur (Mont-habur, Monthabero) 46 101 258 395.",Gerlacus Siluestri,,de Muntebur,"Monthabur, Monthabero",,,,,,,,46 101 258 395
Gernandus Brombach 274.,Gernandus,,Brombach,,,,,,,,,274
Gerndruda (Fawstriczer) 42.,Gerndruda,,,,,,Fawstriczer,,,,,42
Gernodus Truchesesz 132.,Gernodus,,Truchesesz,,,,,,,,,132
Gertrudis (Potter) 348.,Gertrudis,,,,,,Potter,,,,,348
Gertrudis Brugkentreterinne 133.,Gertrudis,,Brugkentreterinne,,,,,,,,,133
Gertrudis Liedekerke 133.,Gertrudis,,Liedekerke,,,,,,,,,133
Gerwynus Mugwyn 396.,Gerwynus,,Mugwyn,,,,,,,,,396
Getza relictä Johannis Vlner 108.,Getza,,,,,relictä Johannis Vlner,,,,,,108
Gherardus (Gerardus) Koneken (Conekin) 130 193 367 396.,Gherardus,Gerardus,Koneken,Conekin,,,,,,,,130 193 367 396
Gherardus Kerkernich 130.,Gherardus,,Kerkernich,,,,,,,,,130
Gherardus Meysen 131.,Gherardus,,Meysen,,,,,,,,,131
Gherbrandus Theodrici 129.,Gherbrandus,,Theodrici,,,,,,,,,129
Ghesa (Vandensterne) 134.,Ghesa,,,,,,Vandensterne,,,,,134
Gheuehardus Grunenhagen 124.,Gheuehardus,,Grunenhagen,,,,,,,,,124
Gheuehardus Slepegrelle 124.,Gheuehardus,,Slepegrelle,,,,,,,,,124
Ghezeken (de Haren) 155.,Ghezeken,,,,,,de Haren,,,,,155
Ghiselbertus (Giselbertus) de Lochorst 14 44.,Ghiselbertus,Giselbertus,de Lochorst,,,,,,,,,14 44
Ghiselbertus Pyeck 133.,Ghiselbertus,,Pyeck,,,,,,,,,133
Ghiselbertus van den Horinc 350.,Ghiselbertus,,van den Horinc,,,,,,,,,350
Ghiselbertus Zcuel de Jabeke 133.,Ghiselbertus Zcuel,,de Jabeke,,,,,,,,,133
Ghiselerus Wettesen 151.,Ghiselerus,,Wettesen,,,,,,,,,151
Ghobela Vandensterne 134.,Ghobela,,Vandensterne,,,,,,,,,134
Giselbertus de Hoesden 133.,Giselbertus,,de Hoesden,,,,,,,,,133
Giselbertus de Wytenhorst 63.,Giselbertus,,de Wytenhorst,,,,,,,,,63
Gislerus de Bouenten 133.,Gislerus,,de Bouenten,,,,,,,,,133
Giso (Gyso) Catzman 141 149.,Giso,Gyso,Catzman,,,,,,,,,141 149
Glaris de Husen 328.,Glaris,,de Husen,,,,,,,,,328
Gluckrianus de Rachna 133.,Gluckrianus,,de Rachna,,,,,,,,,133
Gobelinus de Ratinghen 336.,Gobelinus,,de Ratinghen,,,,,,,,,336
Gobelinus de Sobernhem 134.,Gobelinus,,de Sobernhem,,,,,,,,,134
Gobelinus Marten de Tremonia 134.,Gobelinus Marten,,de Tremonia,,,,,,,,,134
Gobelinus Voelder (Welderkinch) 106.,Gobelinus,,Voelder,Welderkinch,,,,,,,,106
Godefridus Bormbach 253.,Godefridus,,Bormbach,,,,,,,,,253
Godefridus Clein 274.,Godefridus,,Clein,,,,,,,,,274
Godefridus Scot 136.,Godefridus,,Scot,,,,,,,,,136
Godefridus Vettoper 324.,Godefridus,,Vettoper,,,,,,,,,324
Godfridus de Synay 79.,Godfridus,,de Synay,,,,,,,,,79
Goeswinus de Arnhem 134.,Goeswinus,,de Arnhem,,,,,,,,,134
Goeswinus Smulling (Smilling) 134.,Goeswinus,,Smulling,Smilling,,,,,,,,134
Goswinus (Goyswinus) Eychlo (Eichloe) 134 236.,Goswinus,Goyswinus,Eychlo,Eichloe,,,,,,,,134 236
Goswinus de Engelheim 242.,Goswinus,,de Engelheim,,,,,,,,,242
Goswinus de Etzsteyn 134.,Goswinus,,de Etzsteyn,,,,,,,,,134
Goswinus Klinghenberg 83.,Goswinus,,Klinghenberg,,,,,,,,,83
Goswinus Muyl de Cardono 134.,Goswinus Muyl,,de Cardono,,,,,,,,,134
Gotfridus Bley de Dursten 135.,Gotfridus Bley,,de Dursten,,,,,,,,,135
Gotfridus Bochorn 135.,Gotfridus,,Bochorn,,,,,,,,,135
Gotfridus Canawe (Conowe) 71 156.,Gotfridus,,Canawe,Conowe,,,,,,,,71 156
Gotfridus de Batenberg 135.,Gotfridus,,de Batenberg,,,,,,,,,135
Gotfridus de Dynslaken 45.,Gotfridus,,de Dynslaken,,,,,,,,,45
Gotfridus de Harne 173.,Gotfridus,,de Harne,,,,,,,,,173
Gotfridus de Leimpach 272.,Gotfridus,,de Leimpach,,,,,,,,,272
Gotfridus de Monialia 146.,Gotfridus,,de Monialia,,,,,,,,,146
Gotfridus de Reden 136.,Gotfridus,,de Reden,,,,,,,,,136
Gotfridus de Stainhain 216.,Gotfridus,,de Stainhain,,,,,,,,,216
Gotfridus de Vlodorp 137.,Gotfridus,,de Vlodorp,,,,,,,,,137
"Gotfridus Dreyer (Dreger), ep. Con-stancianen. 135 147.",Gotfridus,,Dreyer,Dreger,,,,ep. Constancianen.,,,,135 147
Gotfridus Ebirhardi dom. de Eppen-steyn natus 396.,Gotfridus,,,,,Ebirhardi dom. de Eppensteyn natus,,,,,,396
Gotfridus Gokele 135.,Gotfridus,,Gokele,,,,,,,,,135
Gotfridus Harscher 93 135.,Gotfridus,,Harscher,,,,,,,,,93 135
Gotfridus Lent 135 232.,Gotfridus,,Lent,,,,,,,,,135 232
Gotfridus Rinchoff 136.,Gotfridus,,Rinchoff,,,,,,,,,136
Gotfridus Scoter 136.,Gotfridus,,Scoter,,,,,,,,,136
Gotfridus Wegghesyn 137.,Gotfridus,,Wegghesyn,,,,,,,,,137
Gotfridus Zagel 194.,Gotfridus,,Zagel,,,,,,,,,194
Gothardus Stummel 137.,Gothardus,,Stummel,,,,,,,,,137
Gotscalcus de Kalenhart 137.,Gotscalcus,,de Kalenhart,,,,,,,,,137
Gotschalkus Legate 137.,Gotschalkus,,Legate,,,,,,,,,137
Gotsche Schof (Schoff) 281.,Gotsche,,Schof,Schoff,,,,,,,,281
Greda (de Bolsenhem) 80.,Greda,,,,,,de Bolsenhem,,,,,80
Greda (zu der golden luffe) 376.,Greda,,,,,,zu der golden luffe,,,,,376
Greda Henrici Bose relictæ Gerhardi de Bockelheim 359.,Greda,,Henrici Bose,,,relictæ Gerhardi de Bockelheim,,,,,,359
Gregorius de Fredelant (Vredelant) 42.,Gregorius,,de Fredelant,Vredelant,,,,,,,,42
Gregorius de Karinthia (Carinthia) 25 137.,Gregorius,,de Karinthia,Carinthia,,,,,,,,25 137
Gregorius Keyne 76.,Gregorius,,Keyne,,,,,,,,,76
Gregorius Martini de Tizebenicza (Tizebiniza) 322 339.,Gregorius Martini,,de Tizebenicza,Tizebiniza,,,,,,,,322 339
Gregorius patr. Aquil. 24.,Gregorius,,,,,,,patr. Aquil.,,,,24
Gregorius Waydenperger de Munster 138.,Gregorius Waydenperger,,de Munster,,,,,,,,,138
"Gregorius XII. (Angelus, Errorius) pp. 9 12 13 15 16 17 18 19 20 22 23 24 25 31 39 48 55 58 66 69 81 83 86 100 113 125 157 171 174 176 189 191 201 205 229 239 246 247 253 257 263 271 285 342 348 352 373 386 389 391 394 398 399.",Gregorius XII.,"Angelus, Errorius",,,,,,pp.,,,,9 12 13 15 16 17 18 19 20 22 23 24 25 31 39 48 55 58 66 69 81 83 86 100 113 125 157 171 174 176 189 191 201 205 229 239 246 247 253 257 263 271 285 342 348 352 373 386 389 391 394 398 399
Greta relictæ Johannis de Fridingen 138.,Greta,,,,,relictæ Johannis de Fridingen,,,,,,138
Guda (de Arssen) 308.,Guda,,,,,,de Arssen,,,,,308
Guda (Steynruch) 96.,Guda,,,,,,Steynruch,,,,,96
Guda de Kaldelbach 363.,Guda,,de Kaldelbach,,,,,,,,,363
Guerardus Jungis al. Piper 131.,Guerardus,,Jungis,,Piper,,,,,,,131
Guerardus Riquini 344.,Guerardus,,Riquini,,,,,,,,,344
Guilermus ep. Sedun. 370.,Guilermus,,,,,,,ep. Sedun.,,,,370
Guilhelmus ep. Lausan. 368.,Guilhelmus,,,,,,,ep. Lausan.,,,,368
"Guillelmus, Guilermus v. Wilhelmus.",Guillelmus,Guilermus,,,,,,,,Wilhelmus,,
Guillermus Barbarini 370.,Guillermus,,Barbarini,,,,,,,,,370
Guillermus de Fossa 127.,Guillermus,,de Fossa,,,,,,,,,127
Guillermus de Lochiis 229.,Guillermus,,de Lochiis,,,,,,,,,229
Guillermus diac. card. s. Stephani in Celiomonte 335.,Guillermus,,,,,,,diac. card. s. Stephani in Celiomonte,,,,335
Guillermus Gaure al. de Liekirken 325.,Guillermus,,Gaure,,de Liekirken,,,,,,,325
Guillermus Murdat 373.,Guillermus,,Murdat,,,,,,,,,373
Gumpertus Fabri 180.,Gumpertus,,Fabri,,,,,,,,,180
Guntherus aep. Magdeb. 13 138 140 275 364.,Guntherus,,,,,,,aep. Magdeb.,,,,13 138 140 275 364
Guntherus com. de Mansfelt 139.,Guntherus,,,,,,,com. de Mansfelt,,,,139
Guntherus com. de Swartzburg 186.,Guntherus,,,,,,,com. de Swartzburg,,,,186
Guntherus de Bunow 139.,Guntherus,,de Bunow,,,,,,,,,139
Guntherus de Prato 139.,Guntherus,,de Prato,,,,,,,,,139
Gutha ducissa Olsnic. 81.,Gutha,,,,,,,ducissa Olsnic.,,,,81
Gutta (de Bibra) 74.,Gutta,,,,,,de Bibra,,,,,74
Gyso de Weynheim 274.,Gyso,,de Weynheim,,,,,,,,,274
Habermannus v. Hartmannus.,Habermannus,,,,,,,,,Hartmannus,,
Hadewigis (Schutten) 263.,Hadewigis,,,,,,Schutten,,,,,263
Hadewigis de Bersel 139.,Hadewigis,,de Bersel,,,,,,,,,139
Hadewigis relicta Hermanni de Mowenheim 139.,Hadewigis,,,,,relicta Hermanni de Mowenheim,,,,,,139
Hailmannus Harder 146.,Hailmannus,,Harder,,,,,,,,,146
Hainricus Brugg de Veltkirch 328.,Hainricus Brugg,,de Veltkirch,,,,,,,,,328
Hainricus de Bribach 328.,Hainricus,,de Bribach,,,,,,,,,328
Hainricus Reychart 161.,Hainricus,,Reychart,,,,,,,,,161
Hainricus Tandorffer 165.,Hainricus,,Tandorffer,,,,,,,,,165
Hannusius bar. de Lippa 58.,Hannusius,,,,,,,bar. de Lippa,,,,58
Hanricus Payrs de Tramina 160.,Hanricus Payrs,,de Tramina,,,,,,,,,160
Harprechtus Rutelchamp 261.,Harprechtus,,Rutelchamp,,,,,,,,,261
Hartmannus (Habermannus) Geykomer 140.,Hartmannus,Habermannus,Geykomer,,,,,,,,,140
Hartmannus abb. mon. s. Albani e. m. Magunt. 388.,Hartmannus,,,,,,,abb.,mon. s. Albani e. m. Magunt.,,,388
Hartmannus Conradi 140.,Hartmannus,,Conradi,,,,,,,,,140
Hartmannus de Berona 140.,Hartmannus,,de Berona,,,,,,,,,140
Hartmannus de Himenberg 360.,Hartmannus,,de Himenberg,,,,,,,,,360
Hartmannus de Prasberg 140.,Hartmannus,,de Prasberg,,,,,,,,,140
Hartmannus de Ruszenberg 320.,Hartmannus,,de Ruszenberg,,,,,,,,,320
Hartmannus de Sinthershusen 141.,Hartmannus,,de Sinthershusen,,,,,,,,,141
Hartmannus el. Curien. 99.,Hartmannus,,,,,,,el. Curien.,,,,99
Hartmannus Musel 250.,Hartmannus,,Musel,,,,,,,,,250
Hartmannus Ortolphi 401.,Hartmannus,,Ortolphi,,,,,,,,,401
Hartnidus abb. mon. Admonten. 353.,Hartnidus,,,,,,,abb.,mon. Admonten.,,,353
Hartungus de Frankenheim 92.,Hartungus,,de Frankenheim,,,,,,,,,92
"Hartungus Molitoris de Cappel (Cappell, Capel) 21 59 71 74 76 110 132 141 149 151 177 178 183 196 204 209 218 225 229 234 254 276 294 296 340 344 373 385 391 393 396.",Hartungus Molitoris,,de Cappel,"Cappell, Capel",,,,,,,,21 59 71 74 76 110 132 141 149 151 177 178 183 196 204 209 218 225 229 234 254 276 294 296 340 344 373 385 391 393 396
Hartzemlaus 139.,Hartzemlaus,,,,,,,,,,,139
Haza de Masche 320.,Haza,,de Masche,,,,,,,,,320
Hector Zegote 142.,Hector,,Zegote,,,,,,,,,142
Hedewigis abbat. mon. in Dalen 368.,Hedewigis,,,,,,,abbat.,mon. in Dalen,,,368
Heilga de Endingen 143.,Heilga,,de Endingen,,,,,,,,,143
Heilmannus de Nouaciuitate 211.,Heilmannus,,de Nouaciuitate,,,,,,,,,211
Heinricus de Weytenstain 167.,Heinricus,,de Weytenstain,,,,,,,,,167
Heinricus Muntzmeister 159.,Heinricus,,Muntzmeister,,,,,,,,,159
Heinricus Swepferman 159.,Heinricus,,Swepferman,,,,,,,,,159
Helena (Benedicti de Wiid) 351.,Helena,,,,,,Benedicti de Wiid,,,,,351
Helena de Schiffe 143.,Helena,,de Schiffe,,,,,,,,,143
Helena Henrici de Aneuelde 143.,Helena Henrici,,de Aneuelde,,,,,,,,,143
Heliuicus de Diick 143.,Heliuicus,,de Diick,,,,,,,,,143
Heliuicus de Dornich 143.,Heliuicus,,de Dornich,,,,,,,,,143
Helmannus Hyunis de Lancicia 339.,Helmannus Hyunis,,de Lancicia,,,,,,,,,339
Helmarus 44.,Helmarus,,,,,,,,,,,44
Helmoldus de Plesse 144.,Helmoldus,,de Plesse,,,,,,,,,144
Helmoldus Voltzer 144.,Helmoldus,,Voltzer,,,,,,,,,144
Helmpertus Arperod(i) 143.,Helmpertus,,Arperod(i),,,,,,,,,143
Helyas Knoer 388.,Helyas,,Knoer,,,,,,,,,388
Heningus (Hennyngus) de Salcza 21 149.,Heningus,Hennyngus,de Salcza,,,,,,,,,21 149
Heningus de Eluede 144.,Heningus,,de Eluede,,,,,,,,,144
Heningus de Osterwich 89.,Heningus,,de Osterwich,,,,,,,,,89
Heningus Wilde 145.,Heningus,,Wilde,,,,,,,,,145
Hennekinus de Plesse 144.,Hennekinus,,de Plesse,,,,,,,,,144
Hennekinus Ransow 336.,Hennekinus,,Ransow,,,,,,,,,336
Hennekinus Stake 336.,Hennekinus,,Stake,,,,,,,,,336
Hennynghus Schomaker 144.,Hennynghus,,Schomaker,,,,,,,,,144
Hennyngus (Hennynck) 190.,Hennyngus,Hennynck,,,,,,,,,,190
Hennyngus (Henricus) Bernhagen 147 292.,Hennyngus,Henricus,Bernhagen,,,,,,,,,147 292
Hennyngus Dosse 144.,Hennyngus,,Dosse,,,,,,,,,144
Henrica (de Altmaed) 113.,Henrica,,,,,,de Altmaed,,,,,113
Henricus (Hainricus) bar. de Zelking (Czelking) 150 167.,Henricus,Hainricus,,,,,Czelking,bar. de Zelking,,,,150 167
Henricus (Hainricus) Schaczel (Scheczel 123 164.,Henricus,Hainricus,Schaczel,Scheczel,,,,,,,,123 164
Henricus (Hennyngus) Bernhagen 147 292.,Henricus,Hennyngus,Bernhagen,,,,,,,,,147 292
Henricus (Henricus) Nothafft (Nothhaft) 160 304.,Henricus,Henricus,Nothafft,Nothhaft,,,,,,,,160 304
Henricus (Hermannus) Meteler 83.,Henricus,Hermannus,Meteler,,,,,,,,,83
Henricus (Hinricus) com. Holczacie 156 336.,Henricus,Hinricus,,,,,,com. Holczacie,,,,156 336
Henricus (Hinricus) de Molendino 144 159.,Henricus,Hinricus,de Molendino,,,,,,,,,144 159
Henricus (Hinricus) Dues 67 237.,Henricus,Hinricus,Dues,,,,,,,,,67 237
Henricus (Hinricus) Reseler 162 349 389.,Henricus,Hinricus,Reseler,,,,,,,,,162 349 389
Henricus 19 135 146 183 353.,Henricus,,,,,,,,,,,19 135 146 183 353
Henricus abb. mon. in Bellilage 14 145.,Henricus,,,,,,,abb.,mon. in Bellilage,,,14 145
Henricus abb. mon. in Dyckennighen 145.,Henricus,,,,,,,abb.,mon. in Dyckennighen,,,145
Henricus abb. mon. in Ebrach 91.,Henricus,,,,,,,abb.,mon. in Ebrach,,,91
Henricus abb. mon. in Werinuillero 146.,Henricus,,,,,,,abb.,mon. in Werinuillero,,,146
Henricus abb. mon. ss. Petri et Pauli Padeb. 145.,Henricus,,,,,,,abb.,mon. ss. Petri et Pauli Padeb.,,,145
Henricus abb. mon. Stabulen. ac Mandarien. 145.,Henricus,,,,,,,abb.,mon. Stabulen. ac Mandarien.,,,145
Henricus Alberti de Furstenuelt 146.,Henricus Alberti,,de Furstenuelt,,,,,,,,,146
Henricus Alphusen 146 388.,Henricus,,Alphusen,,,,,,,,,146 388
Henricus Altorff 186.,Henricus,,Altorff,,,,,,,,,186
Henricus Amman 331.,Henricus,,Amman,,,,,,,,,331
Henricus Andree de Moxstat 147.,Henricus Andree,,de Moxstat,,,,,,,,,147
Henricus Anenstetter (Anestet) 147.,Henricus,,Anenstetter,Anestet,,,,,,,,147
Henricus Bodonis 82 83 148.,Henricus,,Bodonis,,,,,,,,,82 83 148
Henricus Borke 29.,Henricus,,Borke,,,,,,,,,29
Henricus Borsnitz 282.,Henricus,,Borsnitz,,,,,,,,,282
Henricus Breydenbach 394.,Henricus,,Breydenbach,,,,,,,,,394
Henricus Buck de Esch 148.,Henricus Buck,,de Esch,,,,,,,,,148
Henricus Bucksteden 226.,Henricus,,Bucksteden,,,,,,,,,226
Henricus Bule de Blangkenhayn 148.,Henricus Bule,,de Blangkenhayn,,,,,,,,,148
Henricus Bune(n) 148 178 343.,Henricus,,Bune(n),,,,,,,,,148 178 343
Henricus Burggrauii 359.,Henricus,,Burggrauii,,,,,,,,,359
Henricus Burkardi 40 41.,Henricus,,Burkardi,,,,,,,,,40 41
Henricus Calen (Kalen) 265 266.,Henricus,,Calen,Kalen,,,,,,,,265 266
Henricus Carpentin 127.,Henricus,,Carpentin,,,,,,,,,127
Henricus Catzman 141 149.,Henricus,,Catzman,,,,,,,,,141 149
Henricus Chuars 234.,Henricus,,Chuars,,,,,,,,,234
Henricus Clapheimer al. Kunszer 88.,Henricus,,Clapheimer,,Kunszer,,,,,,,88
Henricus Clunt (Clant) de Groninghen 149.,Henricus Clunt,Clant,de Groninghen,,,,,,,,,149
"Henricus com. de Hoya, ep. (el.) Verden. 15 145 217 357.",Henricus,,,,,,,com. de Hoya ep. (el.) Verden.,,,,15 145 217 357
Henricus com. de Swartzpurg 186.,Henricus,,,,,,,com. de Swartzpurg,,,,186
Henricus com. de Werningerode 167.,Henricus,,,,,,,com. de Werningerode,,,,167
Henricus Congerad 296.,Henricus,,Congerad,,,,,,,,,296
Henricus Cremmer al. Rempenig 150.,Henricus,,Cremmer,,Rempenig,,,,,,,150
Henricus Croule 85.,Henricus,,Croule,,,,,,,,,85
Henricus Danckaerd 62.,Henricus,,Danckaerd,,,,,,,,,62
Henricus de (van) Buren 14 363.,Henricus,,de (van) Buren,,,,,,,,,14 363
Henricus de Aldenrade 146.,Henricus,,de Aldenrade,,,,,,,,,146
Henricus de Alstede 350.,Henricus,,de Alstede,,,,,,,,,350
Henricus de Andelow 250.,Henricus,,de Andelow,,,,,,,,,250
Henricus de Arnhem 147.,Henricus,,de Arnhem,,,,,,,,,147
Henricus de Bibersten 147.,Henricus,,de Bibersten,,,,,,,,,147
Henricus de Bocholdia al. dict. Foet 14.,Henricus,,de Bocholdia,,Foet,,,,,,,14
Henricus de Borklo 148.,Henricus,,de Borklo,,,,,,,,,148
Henricus de Brandenborch 402.,Henricus,,de Brandenborch,,,,,,,,,402
Henricus de Brochusen 197.,Henricus,,de Brochusen,,,,,,,,,197
Henricus de Busteleyken 89.,Henricus,,de Busteleyken,,,,,,,,,89
Henricus de Chlum al. Latzinbok 149.,Henricus,,de Chlum,,Latzinbok,,,,,,,149
Henricus de Compostella 344.,Henricus,,de Compostella,,,,,,,,,344
Henricus de Hoensperg 156.,Henricus,,de Hoensperg,,,,,,,,,156
Henricus de Homburg 368.,Henricus,,de Homburg,,,,,,,,,368
Henricus de Hultzheim 157.,Henricus,,de Hultzheim,,,,,,,,,157
Henricus de Kitt 149.,Henricus,,de Kitt,,,,,,,,,149
Henricus de Kochberg 334.,Henricus,,de Kochberg,,,,,,,,,334
Henricus de Ligno al. de Kempen 324.,Henricus,,de Ligno,,de Kempen,,,,,,,324
Henricus de Limoncuria (Lenoncuria) 85 268.,Henricus,,de Limoncuria,Lenoncuria,,,,,,,,85 268
Henricus de Loen 370.,Henricus,,de Loen,,,,,,,,,370
Henricus de Loenborch 387.,Henricus,,de Loenborch,,,,,,,,,387
Henricus de Malsen 158.,Henricus,,de Malsen,,,,,,,,,158
Henricus de Marka (Macra) 158.,Henricus,,de Marka,Macra,,,,,,,,158
Henricus de Meding 231.,Henricus,,de Meding,,,,,,,,,231
Henricus de Murse 58.,Henricus,,de Murse,,,,,,,,,58
Henricus de Oldenborch (Odemburch) 160.,Henricus,,de Oldenborch,Odemburch,,,,,,,,160
Henricus de Piro 15 117 161 164 165 168 183 195 213 237.,Henricus,,de Piro,,,,,,,,,15 117 161 164 165 168 183 195 213 237
Henricus de Plawen (Plawius) 161.,Henricus,,de Plawen,Plawius,,,,,,,,161
Henricus de Reyng hersuliet 16.,Henricus,,de Reynghersuliet,,,,,,,,,16
Henricus de Rungisberg 284.,Henricus,,de Rungisberg,,,,,,,,,284
"Henricus de Schawmborg (Schaumborg), ep. Sambien. 163.",Henricus,,de Schawmborg,Schaumborg,,,,ep. Sambien.,,,,163
Henricus de Schonebergh 164.,Henricus,,de Schonebergh,,,,,,,,,164
Henricus de Seghen 164.,Henricus,,de Seghen,,,,,,,,,164
Henricus de Solmisse(n) 65 374.,Henricus,,de Solmisse(n),,,,,,,,,65 374
Henricus de Sybergh 392.,Henricus,,de Sybergh,,,,,,,,,392
Henricus de Synszbach 98.,Henricus,,de Synszbach,,,,,,,,,98
Henricus de Thunen al. Dulleck 165.,Henricus,,de Thunen,,Dulleck,,,,,,,165
Henricus de Tronlo (Tronle) 166 263.,Henricus,,de Tronlo,Tronle,,,,,,,,166 263
Henricus de Vallen 187.,Henricus,,de Vallen,,,,,,,,,187
Henricus de Vierem (Vierim) 135 395.,Henricus,,de Vierem,Vierim,,,,,,,,135 395
Henricus de Vyanen 355.,Henricus,,de Vyanen,,,,,,,,,355
Henricus de Waken(e) 148 167.,Henricus,,de Waken(e),,,,,,,,,148 167
Henricus de Wedderden 256.,Henricus,,de Wedderden,,,,,,,,,256
Henricus de Wickersen 195.,Henricus,,de Wickersen,,,,,,,,,195
Henricus de Wicsch (Witz) 167.,Henricus,,de Wicsch,Witz,,,,,,,,167
Henricus de Ymbermonte 157.,Henricus,,de Ymbermonte,,,,,,,,,157
Henricus dec. eccl. s. Florentii Hase-lacen. 73.,Henricus,,,,,,,dec.,eccl. s. Florentii Haselacen.,,,73
Henricus Desiderii al. de Lacuna 136.,Henricus,,Desiderii,,de Lacuna,,,,,,,136
Henricus dict. Beme 282.,Henricus,,,,Beme,,,,,,,282
Henricus dux Bauarie 14 91 146 267.,Henricus,,,,,,,dux Bauarie,,,,14 91 146 267
Henricus dux Brunswic. et Luneb. 295.,Henricus,,,,,,,dux Brunswic. et Luneb.,,,,295
Henricus dux Saxonie 146.,Henricus,,,,,,,dux Saxonie,,,,146
Henricus dux Slesie 232.,Henricus,,,,,,,dux Slesie,,,,232
Henricus el. Egninen. 363.,Henricus,,,,,,,el. Egninen.,,,,363
Henricus ep. Argent. 54.,Henricus,,,,,,,ep. Argent.,,,,54
Henricus ep. Const. 70.,Henricus,,,,,,,ep. Const.,,,,70
Henricus ep. Electen. 162 357.,Henricus,,,,,,,ep. Electen.,,,,162 357
Henricus ep. Halberst. 39.,Henricus,,,,,,,ep. Halberst.,,,,39
Henricus ep. Osnab. 14 299.,Henricus,,,,,,,ep. Osnab.,,,,14 299
Henricus ep. Sabinen. card. 240 274 298.,Henricus,,,,,,,ep. Sabinen. card.,,,,240 274 298
Henricus ep. Warmien. 270.,Henricus,,,,,,,ep. Warmien.,,,,270
Henricus Hiltere 156.,Henricus,,Hiltere,,,,,,,,,156
Henricus Hobynch 373.,Henricus,,Hobynch,,,,,,,,,373
Henricus Hocheim 343.,Henricus,,Hocheim,,,,,,,,,343
Henricus Hoekesberch 156.,Henricus,,Hoekesberch,,,,,,,,,156
Henricus Hoffemann (Houeman) 156 296.,Henricus,,Hoffemann,Houeman,,,,,,,,156 296
Henricus Holthus 157.,Henricus,,Holthus,,,,,,,,,157
Henricus Hoppensac 330.,Henricus,,Hoppensac,,,,,,,,,330
Henricus Houberch (Houberg) 157 291 313 356.,Henricus,,Houberch,Houberg,,,,,,,,157 291 313 356
Henricus Hubenhayn 157.,Henricus,,Hubenhayn,,,,,,,,,157
Henricus Huddessem 157.,Henricus,,Huddessem,,,,,,,,,157
Henricus Hughelin 73.,Henricus,,Hughelin,,,,,,,,,73
Henricus Hulsen 157.,Henricus,,Hulsen,,,,,,,,,157
Henricus Hundelsdorff 89.,Henricus,,Hundelsdorff,,,,,,,,,89
Henricus Hutnatele 98.,Henricus,,Hutnatele,,,,,,,,,98
Henricus Kaluerwisch 148.,Henricus,,Kaluerwisch,,,,,,,,,148
Henricus Kemenade 277.,Henricus,,Kemenade,,,,,,,,,277
Henricus Klayn 149.,Henricus,,Klayn,,,,,,,,,149
Henricus Knwt al. dict. Bel 21 83 96 106 147 149 168 180 207 216 249 281 294 322 356 388 400.,Henricus,,Knwt,,Bel,,,,,,,21 83 96 106 147 149 168 180 207 216 249 281 294 322 356 388 400
Henricus Konemann 72.,Henricus,,Konemann,,,,,,,,,72
Henricus Kothner 149.,Henricus,,Kothner,,,,,,,,,149
Henricus Lange 157.,Henricus,,Lange,,,,,,,,,157
Henricus Langhelgen 158.,Henricus,,Langhelgen,,,,,,,,,158
Henricus Lappellan 15.,Henricus,,Lappellan,,,,,,,,,15
Henricus Laurin 158.,Henricus,,Laurin,,,,,,,,,158
Henricus Lechnich 223 264.,Henricus,,Lechnich,,,,,,,,,223 264
Henricus Leonis 158.,Henricus,,Leonis,,,,,,,,,158
Henricus Leygen 73.,Henricus,,Leygen,,,,,,,,,73
Henricus Lochner 61 158 197.,Henricus,,Lochner,,,,,,,,,61 158 197
Henricus Lubeker 158.,Henricus,,Lubeker,,,,,,,,,158
Henricus mag. gen. hosp. b. Marie Theuton. 285.,Henricus,,,,,,,mag. gen.,hosp. b. Marie Theuton.,,,285
Henricus Maul al. Willing 42.,Henricus,,Maul,,Willing,,,,,,,42
Henricus Millawner 389.,Henricus,,Millawner,,,,,,,,,389
Henricus Molner 226.,Henricus,,Molner,,,,,,,,,226
Henricus Moneck 159.,Henricus,,Moneck,,,,,,,,,159
"Henricus Muczelinch (Mutseling, Muczling) 159 162.",Henricus,,Muczelinch,"Mutseling, Muczling",,,,,,,,159 162
Henricus Murer 90 259.,Henricus,,Murer,,,,,,,,,90 259
Henricus Neudil 159.,Henricus,,Neudil,,,,,,,,,159
Henricus Nienborgh 160.,Henricus,,Nienborgh,,,,,,,,,160
Henricus Nithard(i) 88 160 207.,Henricus,,Nithard(i),,,,,,,,,88 160 207
Henricus Ordonis 160.,Henricus,,Ordonis,,,,,,,,,160
Henricus Ottonis 160.,Henricus,,Ottonis,,,,,,,,,160
Henricus Ottonis com. de Hoya 160.,Henricus,,Ottonis,,,,,com. de Hoya,,,,160
Henricus Pak 161.,Henricus,,Pak,,,,,,,,,161
Henricus Pellificis (Pullificis) 144 161.,Henricus,,Pellificis,Pullificis,,,,,,,,144 161
Henricus Pethule 282.,Henricus,,Pethule,,,,,,,,,282
Henricus Planck 161.,Henricus,,Planck,,,,,,,,,161
Henricus Poppe 204.,Henricus,,Poppe,,,,,,,,,204
Henricus Prefecti 174.,Henricus,,Prefecti,,,,,,,,,174
Henricus Proys 161.,Henricus,,Proys,,,,,,,,,161
Henricus Quicstorp 235 290.,Henricus,,Quicstorp,,,,,,,,,235 290
"Henricus Raescop (Raiscop, Raescip) 161 317.",Henricus,,Raescop,"Raiscop, Raescip",,,,,,,,161 317
Henricus Renner (Reimer) 162.,Henricus,,Renner,Reimer,,,,,,,,162
Henricus Repce 101.,Henricus,,Repce,,,,,,,,,101
Henricus Reschs 162.,Henricus,,Reschs,,,,,,,,,162
Henricus Rikenbergh 162.,Henricus,,Rikenbergh,,,,,,,,,162
Henricus Robring al. dict. Coklaic 266.,Henricus,,Robring,,Coklaic,,,,,,,266
Henricus Rode 224.,Henricus,,Rode,,,,,,,,,224
Henricus Rodewelder 223.,Henricus,,Rodewelder,,,,,,,,,223
Henricus Ruedini 162.,Henricus,,Ruedini,,,,,,,,,162
Henricus Rumol 162.,Henricus,,Rumol,,,,,,,,,162
Henricus Ruwe 163.,Henricus,,Ruwe,,,,,,,,,163
Henricus Scalpipe 163.,Henricus,,Scalpipe,,,,,,,,,163
Henricus Schelmnecz al. Meynsun 239.,Henricus,,Schelmnecz,,Meynsun,,,,,,,239
Henricus Schilling 164.,Henricus,,Schilling,,,,,,,,,164
Henricus Schoneuelt 144.,Henricus,,Schoneuelt,,,,,,,,,144
Henricus Scotelaer 160.,Henricus,,Scotelaer,,,,,,,,,160
Henricus Selhem 164.,Henricus,,Selhem,,,,,,,,,164
Henricus Slafer 123 316.,Henricus,,Slafer,,,,,,,,,123 316
Henricus Snapeer 392.,Henricus,,Snapeer,,,,,,,,,392
Henricus Soltz 164.,Henricus,,Soltz,,,,,,,,,164
Henricus Stalberg de Rodenberg 388.,Henricus Stalberg,,de Rodenberg,,,,,,,,,388
Henricus Stang de Karschaw 164.,Henricus Stang,,de Karschaw,,,,,,,,,164
Henricus Steinman (Steyman) de Erpel 109 182.,Henricus Steinman,Steyman,de Erpel,,,,,,,,,109 182
Henricus Sticher (Sthicker) 79 80.,Henricus,,Sticher,Sthicker,,,,,,,,79 80
Henricus Stoll 287.,Henricus,,Stoll,,,,,,,,,287
Henricus Stoncz 94.,Henricus,,Stoncz,,,,,,,,,94
Henricus Stoteroggen 231.,Henricus,,Stoteroggen,,,,,,,,,231
Henricus Strasser 165.,Henricus,,Strasser,,,,,,,,,165
Henricus Suryngh 165.,Henricus,,Suryngh,,,,,,,,,165
Henricus Sweryn 165.,Henricus,,Sweryn,,,,,,,,,165
Henricus Sweynsfelder 165.,Henricus,,Sweynsfelder,,,,,,,,,165
Henricus Sydenhemde 178.,Henricus,,Sydenhemde,,,,,,,,,178
Henricus Tenlanghenhaue de Reyss 395.,Henricus Tenlanghenhaue,,de Reyss,,,,,,,,,395
Henricus Tespel 201.,Henricus,,Tespel,,,,,,,,,201
Henricus Thaymer 165.,Henricus,,Thaymer,,,,,,,,,165
Henricus Theoderici 165 355.,Henricus,,Theoderici,,,,,,,,,165 355
Henricus Tilmanni de Alemania 362.,Henricus Tilmanni,,de Alemania,,,,,,,,,362
Henricus Torner 165.,Henricus,,Torner,,,,,,,,,165
Henricus Totfelder 103.,Henricus,,Totfelder,,,,,,,,,103
Henricus Tragher 165.,Henricus,,Tragher,,,,,,,,,165
Henricus Vaek 166.,Henricus,,Vaek,,,,,,,,,166
Henricus Vandertrappen 77.,Henricus,,Vandertrappen,,,,,,,,,77
Henricus Varentrapp 166.,Henricus,,Varentrapp,,,,,,,,,166
Henricus Verber 397.,Henricus,,Verber,,,,,,,,,397
Henricus Vonderlinden 178.,Henricus,,Vonderlinden,,,,,,,,,178
Henricus Vormelant 166.,Henricus,,Vormelant,,,,,,,,,166
Henricus Vos 388.,Henricus,,Vos,,,,,,,,,388
Henricus Vosken 166.,Henricus,,Vosken,,,,,,,,,166
Henricus Wangelin 226.,Henricus,,Wangelin,,,,,,,,,226
Henricus Warendorp 166.,Henricus,,Warendorp,,,,,,,,,166
Henricus Westerholt 264.,Henricus,,Westerholt,,,,,,,,,264
Henricus Westhoff 83.,Henricus,,Westhoff,,,,,,,,,83
Henricus Wilgenstayn 93.,Henricus,,Wilgenstayn,,,,,,,,,93
Henricus Wilhelmi de Asindia 167.,Henricus Wilhelmi,,de Asindia,,,,,,,,,167
Henricus Wolfilsteyn er 389.,Henricus,,Wolfilsteyner,,,,,,,,,389
Henricus Worm 224.,Henricus,,Worm,,,,,,,,,224
Henricus Wydoge 156.,Henricus,,Wydoge,,,,,,,,,156
Henselinus Pukel de Argentin. 87.,Henselinus Pukel,,de Argentin.,,,,,,,,,87
Herbordus de Wynthem 222.,Herbordus,,de Wynthem,,,,,,,,,222
Herbordus Gast 167.,Herbordus,,Gast,,,,,,,,,167
Herdegenus Fultzner 167.,Herdegenus,,Fultzner,,,,,,,,,167
Herdeghenus de Marsfeldia 167.,Herdeghenus,,de Marsfeldia,,,,,,,,,167
Herewicus 231.,Herewicus,,,,,,,,,,,231
Hermannus (Henricus) Meteler 83.,Hermannus,Henricus,Meteler,,,,,,,,,83
Hermannus 221.,Hermannus,,,,,,,,,,,221
Hermannus abb. mon. in Posow 168,Hermannus,,,,,,,abb.,mon. in Posow,,,168
Hermannus Alenspacher 168.,Hermannus,,Alenspacher,,,,,,,,,168
Hermannus Antonii 296.,Hermannus,,Antonii,,,,,,,,,296
Hermannus Aurifabri 389.,Hermannus,,Aurifabri,,,,,,,,,389
Hermannus Belwerder 270.,Hermannus,,Belwerder,,,,,,,,,270
Hermannus Bernhrodi (Berhrodi) 168.,Hermannus,,Bernhrodi,Berhrodi,,,,,,,,168
Hermannus Blizekow (Bliczenkow) 172 330.,Hermannus,,Blizekow,Bliczenkow,,,,,,,,172 330
Hermannus Bowch (Bawch) 282.,Hermannus,,Bowch,Bawch,,,,,,,,282
Hermannus Brendelin 169.,Hermannus,,Brendelin,,,,,,,,,169
Hermannus Calbrie 342 343.,Hermannus,,Calbrie,,,,,,,,,342 343
Hermannus com. Cilie 53 170 227 278 321.,Hermannus,,,,,,,com. Cilie,,,,53 170 227 278 321
Hermannus com. Holzacie 190.,Hermannus,,,,,,,com. Holzacie,,,,190
Hermannus Coppardi (Copald) de Vrdingen 171 229.,Hermannus Coppardi,Copald,de Vrdingen,,,,,,,,,171 229
Hermannus Coppe 172.,Hermannus,,Coppe,,,,,,,,,172
Hermannus Crusen 172.,Hermannus,,Crusen,,,,,,,,,172
Hermannus Czul 172.,Hermannus,,Czul,,,,,,,,,172
Hermannus Dachman 172 392.,Hermannus,,Dachman,,,,,,,,,172 392
Hermannus Dalcke 65.,Hermannus,,Dalcke,,,,,,,,,65
Hermannus de Arka 168.,Hermannus,,de Arka,,,,,,,,,168
Hermannus de Billinchdorp 360.,Hermannus,,de Billinchdorp,,,,,,,,,360
Hermannus de Borsnicz (Borsnitz) 168 282.,Hermannus,,de Borsnicz,Borsnitz,,,,,,,,168 282
Hermannus de Bremis 168.,Hermannus,,de Bremis,,,,,,,,,168
Hermannus de Brochusen 197.,Hermannus,,de Brochusen,,,,,,,,,197
Hermannus de Buchenow 169.,Hermannus,,de Buchenow,,,,,,,,,169
Hermannus de Buren 389.,Hermannus,,de Buren,,,,,,,,,389
Hermannus de Collede 343.,Hermannus,,de Collede,,,,,,,,,343
Hermannus de Diike 172.,Hermannus,,de Diike,,,,,,,,,172
Hermannus de Embeke 174.,Hermannus,,de Embeke,,,,,,,,,174
Hermannus de Gottingen 296.,Hermannus,,de Gottingen,,,,,,,,,296
Hermannus de Gronlle 395.,Hermannus,,de Gronlle,,,,,,,,,395
Hermannus de Indagine 237.,Hermannus,,de Indagine,,,,,,,,,237
Hermannus de Keppel 169.,Hermannus,,de Keppel,,,,,,,,,169
Hermannus de Landemberg al. de Werdeg 331.,Hermannus,,de Landemberg,,de Werdeg,,,,,,,331
Hermannus de Lochorst 27 319.,Hermannus,,de Lochorst,,,,,,,,,27 319
Hermannus de Nyem 315.,Hermannus,,de Nyem,,,,,,,,,315
Hermannus de Olden 160.,Hermannus,,de Olden,,,,,,,,,160
Hermannus de Orlamunde 174.,Hermannus,,de Orlamunde,,,,,,,,,174
Hermannus de Ruschenberg 362.,Hermannus,,de Ruschenberg,,,,,,,,,362
Hermannus de Sassenhusen 16 176.,Hermannus,,de Sassenhusen,,,,,,,,,16 176
Hermannus de Selendonck dict. de Sliichem 272.,Hermannus,,de Selendonck,,de Sliichem,,,,,,,272
Hermannus Dryhuys 202.,Hermannus,,Dryhuys,,,,,,,,,202
Hermannus Ducis 131.,Hermannus,,Ducis,,,,,,,,,131
Hermannus Dusterdal 172.,Hermannus,,Dusterdal,,,,,,,,,172
"Hermannus Dwergh (Dueherg, Duergh, Duerch) 15 44 51 103 172 184 217 226 249 254 261 271 277 283 299 328 372.",Hermannus,,Dwergh,"Dueherg, Duergh, Duerch",,,,,,,,15 44 51 103 172 184 217 226 249 254 261 271 277 283 299 328 372
Hermannus el. Curi en. 168.,Hermannus,,,,,,,el. Curi en.,,,,168
Hermannus ep. Frising. 53 261.,Hermannus,,,,,,,ep. Frising.,,,,53 261
Hermannus Fabri 123.,Hermannus,,Fabri,,,,,,,,,123
Hermannus Fabri de Yphofen 61.,Hermannus Fabri,,de Yphofen,,,,,,,,,61
Hermannus filius com. Sicilie (Cicelie) 170.,Hermannus,,,,,filius com. Sicilie (Cicelie),,,,,,170
Hermannus Ghelenbeke 390.,Hermannus,,Ghelenbeke,,,,,,,,,390
Hermannus Gunther 312.,Hermannus,,Gunther,,,,,,,,,312
Hermannus Gusterow 16.,Hermannus,,Gusterow,,,,,,,,,16
Hermannus Haderding 136.,Hermannus,,Haderding,,,,,,,,,136
Hermannus Haslach 208 326.,Hermannus,,Haslach,,,,,,,,,208 326
Hermannus Hatterman 174.,Hermannus,,Hatterman,,,,,,,,,174
Hermannus Haucking 174.,Hermannus,,Haucking,,,,,,,,,174
Hermannus Helendach 174.,Hermannus,,Helendach,,,,,,,,,174
Hermannus Hullendorp 174.,Hermannus,,Hullendorp,,,,,,,,,174
Hermannus Hunthorst 119.,Hermannus,,Hunthorst,,,,,,,,,119
Hermannus Iantgr. Hassie 268.,Hermannus,,Iantgr. Hassie,,,,,,,,,268
Hermannus Kalberner 148.,Hermannus,,Kalberner,,,,,,,,,148
Hermannus Keppelman de Bercheym 169.,Hermannus Keppelman,,de Bercheym,,,,,,,,,169
Hermannus Knappen al. Molhusen 374.,Hermannus,,Knappen,,Molhusen,,,,,,,374
Hermannus Kokenbecker (Chocember) de Ratingen 170.,Hermannus Kokenbecker,Chocember,de Ratingen,,,,,,,,,170
Hermannus Lipman 174.,Hermannus,,Lipman,,,,,,,,,174
Hermannus Lossow 174.,Hermannus,,Lossow,,,,,,,,,174
Hermannus Lubberti 399.,Hermannus,,Lubberti,,,,,,,,,399
Hermannus Magdelung 45.,Hermannus,,Magdelung,,,,,,,,,45
Hermannus Mesen 174.,Hermannus,,Mesen,,,,,,,,,174
Hermannus Neudil 159.,Hermannus,,Neudil,,,,,,,,,159
Hermannus Obelacker 187.,Hermannus,,Obelacker,,,,,,,,,187
Hermannus Osting 175.,Hermannus,,Osting,,,,,,,,,175
Hermannus Quesicz 16 175.,Hermannus,,Quesicz,,,,,,,,,16 175
Hermannus Riemer 175.,Hermannus,,Riemer,,,,,,,,,175
Hermannus Rinstorp 276.,Hermannus,,Rinstorp,,,,,,,,,276
"Hermannus Rodestock (Rodestogk, Rodescholt) 176.",Hermannus,,Rodestock,"Rodestogk, Rodescholt",,,,,,,,176
Hermannus Ruge 169.,Hermannus,,Ruge,,,,,,,,,169
Hermannus Rugeri de Roteman 106.,Hermannus Rugeri,,de Roteman,,,,,,,,,106
Hermannus Schomaker 83.,Hermannus,,Schomaker,,,,,,,,,83
Hermannus Schoseker 57.,Hermannus,,Schoseker,,,,,,,,,57
Hermannus scol. eccl. Colon. 182.,Hermannus,,,,,,,scol.,eccl. Colon.,,,182
Hermannus Sefener 176.,Hermannus,,Sefener,,,,,,,,,176
Hermannus Sibot 176.,Hermannus,,Sibot,,,,,,,,,176
Hermannus Smokelen 176.,Hermannus,,Smokelen,,,,,,,,,176
Hermannus Spaen 176.,Hermannus,,Spaen,,,,,,,,,176
Hermannus Stakelwegg(h)e 171 194.,Hermannus,,Stakelwegg(h)e,,,,,,,,,171 194
Hermannus Strowanghe 177.,Hermannus,,Strowanghe,,,,,,,,,177
Hermannus Stummel 390.,Hermannus,,Stummel,,,,,,,,,390
Hermannus subcollect. in dioc. Poznan 283.,Hermannus,,,,,,,subcollect. in dioc. Poznan,,,,283
Hermannus Swab 177.,Hermannus,,Swab,,,,,,,,,177
Hermannus Toggenbergher 177.,Hermannus,,Toggenbergher,,,,,,,,,177
Hermannus Tramicz 177.,Hermannus,,Tramicz,,,,,,,,,177
Hermannus Vrient 177.,Hermannus,,Vrient,,,,,,,,,177
Hermannus Vyrabend 124.,Hermannus,,Vyrabend,,,,,,,,,124
Hermannus Windehusen 187.,Hermannus,,Windehusen,,,,,,,,,187
Hermannus Wisch 177.,Hermannus,,Wisch,,,,,,,,,177
Hermannus Witten 158.,Hermannus,,Witten,,,,,,,,,158
Hermannus Yborn 83.,Hermannus,,Yborn,,,,,,,,,83
Hermegardis relictā Hennynghi Kōnighismark 177.,Hermegardis,,,,,relictā Hennynghi Kōnighismark,,,,,,177
Hertwicus Henrici 177.,Hertwicus,,Henrici,,,,,,,,,177
Hetta 139.,Hetta,,,,,,,,,,,139
Heydenricus Morghin 171.,Heydenricus,,Morghin,,,,,,,,,171
Heylewigis Gerardi ducis Sleczwicen. 60.,Heylewigis,,Gerardi,,,,,ducis Sleczwicen.,,,,60
Heysinc 143.,Heysinc,,,,,,,,,,,143
Heyso v. Henricus.,Heyso,,,,,,,,,Henricus,,
Hiddo Ludolphi Boetama (Bottania) de Coldem 177.,Hiddo Ludolphi Boetama,Bottania,de Coldem,,,,,,,,,177
"Hieronimus (Jeronimus) Sydenberg (Seydemberg, Zydenberg, Zeidenberg) 17 28 66 174 298 319.",Hieronimus,Jeronimus,Sydenberg,"Seydemberg, Zydenberg, Zeidenberg",,,,,,,,17 28 66 174 298 319
Hieronimus v. Ieronimus.,Hieronimus,,,,,,,,,Ieronimus,,
Hilarius v. Ilarion.,Hilarius,,,,,,,,,Ilarion,,
Hilbrandus Borsem 178.,Hilbrandus,,Borsem,,,,,,,,,178
Hildebrandus Vszler 178.,Hildebrandus,,Vszler,,,,,,,,,178
Hildegundis abbat. eccl. Heruord. 37.,Hildegundis,,,,,,,abbat.,eccl. Heruord.,,,37
Hilla Petri 167.,Hilla,,Petri,,,,,,,,,167
Hilprandus abb. mon. in Brunbach 178.,Hilprandus,,,,,,,abb.,mon. in Brunbach,,,178
Hinricus (Henricus) Crampen 150 293.,Hinricus,Henricus,Crampen,,,,,,,,,150 293
Hinricus Bomgharden 148.,Hinricus,,Bomgharden,,,,,,,,,148
Hinricus de Anghern 147.,Hinricus,,de Anghern,,,,,,,,,147
Hinricus de Bortfelde 148.,Hinricus,,de Bortfelde,,,,,,,,,148
Hinricus Kinborn 187.,Hinricus,,Kinborn,,,,,,,,,187
Hinricus Konig 150.,Hinricus,,Konig,,,,,,,,,150
Hinricus Rostok 145.,Hinricus,,Rostok,,,,,,,,,145
Hinricus Trampen 349.,Hinricus,,Trampen,,,,,,,,,349
Hinricus Viskulen 166.,Hinricus,,Viskulen,,,,,,,,,166
Hinzerus de Liben 178.,Hinzerus,,de Liben,,,,,,,,,178
Holk 190.,Holk,,,,,,,,,,,190
Hotricus de Spernaco 179.,Hotricus,,de Spernaco,,,,,,,,,179
Hubertus de Culenborgh 179.,Hubertus,,de Culenborgh,,,,,,,,,179
Hubertus Scoeken 179.,Hubertus,,Scoeken,,,,,,,,,179
Hubertus van der Bracht 179.,Hubertus,,van der Bracht,,,,,,,,,179
Hudricus Bernardi 179.,Hudricus,,Bernardi,,,,,,,,,179
Hugelmannus de Vinstinghen 54 179.,Hugelmannus,,de Vinstinghen,,,,,,,,,54 179
Hugo (Vgo) de Heruorst (Eruorst) 180.,Hugo,Vgo,de Heruorst,Eruorst,,,,,,,,180
Hugo abb. dom. s. Antonii Viennen. 308.,Hugo,,,,,,,abb.,dom. s. Antonii Viennen.,,,308
Hugo Berlin 101.,Hugo,,Berlin,,,,,,,,,101
Hugo de Colonia (de Alamannia) 179.,Hugo,,de Colonia,,,,de Alamannia,,,,,179
Hugo de Domnaparia 179.,Hugo,,de Domnaparia,,,,,,,,,179
Hugo dict. Groshans 92.,Hugo,,,,Groshans,,,,,,,92
Hugo Franconis de Leyden 180.,Hugo Franconis,,de Leyden,,,,,,,,,180
Hugo Herrici 201.,Hugo,,Herrici,,,,,,,,,201
Hugo Johannis de Eckendorf(f) 180 219.,Hugo Johannis,,de Eckendorf(f),,,,,,,,,180 219
Hugo Jonhals de Mydelborgh 180.,Hugo Jonhals,,de Mydelborgh,,,,,,,,,180
Hugo Spiegel 180.,Hugo,,Spiegel,,,,,,,,,180
Humbertus el. Basil. 14 16 92 181 260 332.,Humbertus,,,,,,,el. Basil.,,,,14 16 92 181 260 332
Hunoldus de Bokenuorde 385.,Hunoldus,,de Bokenuorde,,,,,,,,,385
Husa Seumynhusel 107.,Husa,,Seumynhusel,,,,,,,,,107
Hybrandus Hunthoch 304.,Hybrandus,,Hunthoch,,,,,,,,,304
"Ilarion (Illarion, Hilarius) de Bardis 130 137 146 226 239 244 246 283 36.",Ilarion,"Illarion, Hilarius",de Bardis,,,,,,,,,130 137 146 226 239 244 246 283 366
Ingelbertus v. Engelbertus.,Ingelbertus,,,,,,,,,Engelbertus,,
Ingrammus Dommer 119.,Ingrammus,,Dommer,,,,,,,,,119
Innocentius VII. pp. 6 57 137 140 176 181 196 216 225 239 257 259 329 340 351 352 364.,Innocentius VII.,,,,,,,pp.,,,,6 57 137 140 176 181 196 216 225 239 257 259 329 340 351 352 364
Irmela Besmerynne 318.,Irmela,,Besmerynne,,,,,,,,,318
Irmula de Scouenborch 257.,Irmula,,de Scouenborch,,,,,,,,,257
Italiohannes Vonnelt 262.,Italiohannes,,Vonnelt,,,,,,,,,262
Itelo Hiltmar 294.,Itelo,,Hiltmar,,,,,,,,,294
Iustatius de Beuelte 257.,Iustatius,,de Beuelte,,,,,,,,,257
Iwan(us) (Yuanus) Pogwisk (Poggewys) 190.,Iwan(us),Yuanus,Pogwisk,Poggewys,,,,,,,,190
J.(G.) Fabri 168.,J.,G.,Fabri,,,,,,,,,168
Jacobus abb. mon. b. Marie in Arena e. m. Wratisl. 308.,Jacobus,,,,,,,abb.,mon. b. Marie in Arena e. m. Wratisl.,,,308
Jacobus abb. mon. in Mannsee 50.,Jacobus,,,,,,,abb.,mon. in Mannsee,,,50
Jacobus Angeli 92 181.,Jacobus,,Angeli,,,,,,,,,92 181
Jacobus Arnoldi 181.,Jacobus,,Arnoldi,,,,,,,,,181
Jacobus Baruch de Budessin 181.,Jacobus Baruch,,de Budessin,,,,,,,,,181
Jacobus Borchgreueninck 225.,Jacobus,,Borchgreueninck,,,,,,,,,225
Jacobus Clementis de Geszow 302.,Jacobus Clementis,,de Geszow,,,,,,,,,302
Jacobus Colardi 41.,Jacobus,,Colardi,,,,,,,,,41
Jacobus de Alamania 181.,Jacobus,,de Alamania,,,,,,,,,181
Jacobus de Anaso 392.,Jacobus,,de Anaso,,,,,,,,,392
Jacobus de Arena 181.,Jacobus,,de Arena,,,,,,,,,181
"Jacobus de Blaetzhem (Blatzhem, (Blaeczheim) 109 182.",Jacobus,,de Blaetzhem,"Blatzhem, Blaeczheim",,,,,,,,109 182
Jacobus de Ferriminera 182.,Jacobus,,de Ferriminera,,,,,,,,,182
Jacobus de Goluthy 339.,Jacobus,,de Goluthy,,,,,,,,,339
Jacobus de Hunewilre 259.,Jacobus,,de Hunewilre,,,,,,,,,259
Jacobus de Lekna 244.,Jacobus,,de Lekna,,,,,,,,,244
Jacobus de Lichtenberg 390.,Jacobus,,de Lichtenberg,,,,,,,,,390
Jacobus de Maguntia 200.,Jacobus,,de Maguntia,,,,,,,,,200
Jacobus de Metry 183.,Jacobus,,de Metry,,,,,,,,,183
Jacobus de Nouimagio 183.,Jacobus,,de Nouimagio,,,,,,,,,183
Jacobus de Orbaco 219 313.,Jacobus,,de Orbaco,,,,,,,,,219 313
Jacobus de Pewgen 184.,Jacobus,,de Pewgen,,,,,,,,,184
Jacobus de Spolde (Spoelde) 185.,Jacobus,,de Spolde,Spoelde,,,,,,,,185
Jacobus de Tridento 250.,Jacobus,,de Tridento,,,,,,,,,250
Jacobus de Tunfelt 185.,Jacobus,,de Tunfelt,,,,,,,,,185
Jacobus de Vgolinis 185.,Jacobus,,de Vgolinis,,,,,,,,,185
Jacobus de Viuianis 54.,Jacobus,,de Viuianis,,,,,,,,,54
Jacobus Delbene 182.,Jacobus,,Delbene,,,,,,,,,182
Jacobus Drenow 390 392.,Jacobus,,Drenow,,,,,,,,,390 392
Jacobus ep. Constancianen. 155.,Jacobus,,,,,,,ep. Constancianen.,,,,155
Jacobus ep. Termopolen. resp. Theban. 360.,Jacobus,,,,,,,ep. Termopolen. resp. Theban.,,,,360
Jacobus Fawlbruck 295.,Jacobus,,Fawlbruck,,,,,,,,,295
Jacobus Fernini 44.,Jacobus,,Fernini,,,,,,,,,44
Jacobus Fiere (Fere) 60.,Jacobus,,Fiere,Fere,,,,,,,,60
Jacobus Groye 169.,Jacobus,,Groye,,,,,,,,,169
Jacobus Hauerbroit 182 241.,Jacobus,,Hauerbroit,,,,,,,,,182 241
Jacobus Holl (Holk) 83 182.,Jacobus,,Holl,Holk,,,,,,,,83 182
Jacobus Leonardi 183 367.,Jacobus,,Leonardi,,,,,,,,,183 367
Jacobus Lote 183.,Jacobus,,Lote,,,,,,,,,183
Jacobus Ludouici de Lyns 183.,Jacobus Ludouici,,de Lyns,,,,,,,,,183
Jacobus Makart 183.,Jacobus,,Makart,,,,,,,,,183
Jacobus Mathie de Jassene 183.,Jacobus Mathie,,de Jassene,,,,,,,,,183
Jacobus Mayerad 86.,Jacobus,,Mayerad,,,,,,,,,86
Jacobus Meischner 244.,Jacobus,,Meischner,,,,,,,,,244
Jacobus Men de villa Eschwilre 390.,Jacobus Men,,de villa Eschwilre,,,,,,,,,390
Jacobus Motoen 258.,Jacobus,,Motoen,,,,,,,,,258
Jacobus Nedermolen 16.,Jacobus,,Nedermolen,,,,,,,,,16
Jacobus Nicolai (de Duba) 183.,Jacobus,,Nicolai,,,,de Duba,,,,,183
Jacobus Paluka 45.,Jacobus,,Paluka,,,,,,,,,45
Jacobus Pauli 286.,Jacobus,,Pauli,,,,,,,,,286
Jacobus Pincerne 184.,Jacobus,,Pincerne,,,,,,,,,184
Jacobus prep. mon. in Walsse 181.,Jacobus,,,,,,,prep.,mon. in Walsse,,,181
Jacobus Radewitz 398.,Jacobus,,Radewitz,,,,,,,,,398
Jacobus Renaldini 184.,Jacobus,,Renaldini,,,,,,,,,184
Jacobus Rudiger 319.,Jacobus,,Rudiger,,,,,,,,,319
Jacobus Schopper 184.,Jacobus,,Schopper,,,,,,,,,184
Jacobus Schuerburg 397.,Jacobus,,Schuerburg,,,,,,,,,397
Jacobus Sconenberg 402.,Jacobus,,Sconenberg,,,,,,,,,402
"Jacobus Seeburg (Seeborg, Selburg) 121 184 193 230 323.",Jacobus,,Seeburg,"Seeborg, Selburg",,,,,,,,121 184 193 230 323
Jacobus Smecke 396.,Jacobus,,Smecke,,,,,,,,,396
Jacobus Suelger 89.,Jacobus,,Suelger,,,,,,,,,89
Jacobus Swenzel 17.,Jacobus,,Swenzel,,,,,,,,,17
Jacobus Teernynt 119.,Jacobus,,Teernynt,,,,,,,,,119
Jacobus Thomasii de Florentia 314.,Jacobus Thomasii,,de Florentia,,,,,,,,,314
Jacobus Tilonis de Cobilino 396.,Jacobus Tilonis,,de Cobilino,,,,,,,,,396
Jacobus Viabo 185.,Jacobus,,Viabo,,,,,,,,,185
Jacobus Vloeten de Cliuiis 185.,Jacobus Vloeten,,de Cliuiis,,,,,,,,,185
Jacobus Waltheri de Kilstette 186.,Jacobus Waltheri,,de Kilstette,,,,,,,,,186
Jacobus Weyspeckh 367.,Jacobus,,Weyspeckh,,,,,,,,,367
Jacobus Ysambardi 183.,Jacobus,,Ysambardi,,,,,,,,,183
Janussus castellanus Kalisien. 186.,Janussus,,,,,,,castellanus Kalisien.,,,,186
Jaricus 337.,Jaricus,,,,,,,,,,,337
Jaroslaus Clobucow 198.,Jaroslaus,,Clobucow,,,,,,,,,198
Jaspar Wieczinger 186.,Jaspar,,Wieczinger,,,,,,,,,186
Je(ronimus) Rutili 186.,Je(ronimus),,Rutili,,,,,,,,,186
Jenchinus de Bresin 390 397.,Jenchinus,,de Bresin,,,,,,,,,390 397
Jerandus Marietote de Woliszewige 7.,Jerandus Marietote,,de Woliszewige,,,,,,,,,7
Jeronimus Prebischam (Prebiscan) 18.,Jeronimus,,Prebischam,Prebiscan,,,,,,,,18
Joannes de Biscrestorp (Biscastorpo) 195.,Joannes,,de Biscrestorp,Biscastorpo,,,,,,,,195
Joannes Schultap (Schulte) 240.,Joannes,,Schultap,Schulte,,,,,,,,240
Jodocus (Judocus) de Pala 185 188.,Jodocus,Judocus,de Pala,,,,,,,,,185 188
Jodocus Blidenmeister 391.,Jodocus,,Blidenmeister,,,,,,,,,391
Jodocus dict. Fridlin 362.,Jodocus,,,,Fridlin,,,,,,,362
Jodocus filius Judoci Triest. 188.,Jodocus,,,,,filius Judoci Triest.,,,,,,188
Jodocus marchio Brandenb. 142 252.,Jodocus,,,,,,,marchio Brandenb.,,,,142 252
Jodocus Margraue 188.,Jodocus,,Margraue,,,,,,,,,188
Jodocus prep. mon. s. Floriani 17.,Jodocus,,,,,,,prep.,mon. s. Floriani,,,17
Jodocus Riit 189.,Jodocus,,Riit,,,,,,,,,189
Jodocus Vaistli 189.,Jodocus,,Vaistli,,,,,,,,,189
Jodocus Watzenrider 189.,Jodocus,,Watzenrider,,,,,,,,,189
Joffridus (de) Contrefort 189 215.,Joffridus,,(de) Contrefort,,,,,,,,,189 215
Johanna (de Wilde) 254.,Johanna,,,,,,de Wilde,,,,,254
Johanna (Murdat) 373.,Johanna,,,,,,Murdat,,,,,373
Johanna de Herlaet 189.,Johanna,,de Herlaet,,,,,,,,,189
Johanna de Pulligatio 84.,Johanna,,de Pulligatio,,,,,,,,,84
Johanna de Roede 391.,Johanna,,de Roede,,,,,,,,,391
Johannes (de) Bingham (Byngen) 114 195.,Johannes,,(de) Bingham,Byngen,,,,,,,,114 195
Johannes (de) Breydbach 196.,Johannes,,(de) Breydbach,,,,,,,,,196
Johannes (de) Gmunden 238 353.,Johannes,,(de) Gmunden,,,,,,,,,238 353
Johannes (de) Goth (Gott) 13 16 176 210 329 366.,Johannes,,(de) Goth,Gott,,,,,,,,13 16 176 210 329 366
Johannes (de) Luben 222.,Johannes,,(de) Luben,,,,,,,,,222
Johannes (Henrici) Buck de Esch 198.,Johannes,,Buck,,,,Henrici; de Esch,,,,,198
Johannes (Johannis) Magistri 93 219.,Johannes,Johannis,Magistri,,,,,,,,,93 219
Johannes (Michaelis) Buck de Esch 198.,Johannes,Michaelis,Buck,,,,de Esch,,,,,198
Johannes 76 102 284 399.,Johannes,,,,,,,,,,,76 102 284 399
Johannes abb. mon. Agauen. 242.,Johannes,,,,,,,abb.,mon. Agauen.,,,242
Johannes abb. mon. in Blauburen 191.,Johannes,,,,,,,abb.,mon. in Blauburen,,,191
Johannes abb. mon. in Cesarea 191.,Johannes,,,,,,,abb.,mon. in Cesarea,,,191
Johannes abb. mon. in Murhart 91.,Johannes,,,,,,,abb.,mon. in Murhart,,,91
Johannes abb. mon. in Petridomo 326.,Johannes,,,,,,,abb.,mon. in Petridomo,,,326
Johannes abb. mon. in Valkinreid 81.,Johannes,,,,,,,abb.,mon. in Valkinreid,,,81
Johannes abb. mon. in Waltsachsen 87.,Johannes,,,,,,,abb.,mon. in Waltsachsen,,,87
Johannes abb. mon. in Wingarten 193.,Johannes,,,,,,,abb.,mon. in Wingarten,,,193
Johannes abb. mon. s. Adelheidis in Salsz 191.,Johannes,,,,,,,abb.,mon. s. Adelheidis in Salsz,,,191
Johannes abb. mon. s. Arnulphi e. m. Meten. 191 283.,Johannes,,,,,,,abb.,mon. s. Arnulphi e. m. Meten.,,,191 283
Johannes abb. mon. s. Burghardi e. m. Herbipol. 281.,Johannes,,,,,,,abb.,mon. s. Burghardi e. m. Herbipol.,,,281
Johannes abb. mon. s. Johannis bapt. in Stams 191.,Johannes,,,,,,,abb.,mon. s. Johannis bapt. in Stams,,,191
Johannes abb. mon. s. Margharete in Osterhouen 191.,Johannes,,,,,,,abb.,mon. s. Margharete in Osterhouen,,,191
Johannes abb. mon. s. Martini Glandrien. 87.,Johannes,,,,,,,abb.,mon. s. Martini Glandrien.,,,87
Johannes abb. mon. s. Vincentii e. m. Wratisl. 76.,Johannes,,,,,,,abb.,mon. s. Vincentii e. m. Wratisl.,,,76
Johannes Abetzier (Abeczier) 260 289.,Johannes,,Abetzier,Abeczier,,,,,,,,260 289
Johannes Adolffi de Eschinwege 197.,Johannes Adolffi,,de Eschinwege,,,,,,,,,197
Johannes Adolfi de Nassow 96 192 250.,Johannes Adolfi,,de Nassow,,,,,,,,,96 192 250
Johannes Adolphi (Adolfi) 121 192.,Johannes,,Adolphi,Adolfi,,,,,,,,121 192
Johannes Aduocati de Cassel 192.,Johannes Aduocati,,de Cassel,,,,,,,,,192
Johannes aep. Bremen 189 247 330.,Johannes,,,,,,,aep. Bremen,,,,189 247 330
Johannes aep. Magunt. 10 17 40 45 67 78 89 95 96 114 116 134 141 149 152 158 180 189 209 247 255 260 286 292 296 309 337 339 355 397.,Johannes,,,,,,,aep. Magunt.,,,,10 17 40 45 67 78 89 95 96 114 116 134 141 149 152 158 180 189 209 247 255 260 286 292 296 309 337 339 355 397
Johannes aep. Rigen. 189.,Johannes,,,,,,,aep. Rigen.,,,,189
Johannes Aldendorp 192.,Johannes,,Aldendorp,,,,,,,,,192
Johannes Alram de Gorthsach 192.,Johannes Alram,,de Gorthsach,,,,,,,,,192
Johannes Altman de Vdenhem 391.,Johannes Altman,,de Vdenhem,,,,,,,,,391
Johannes Amilii 355.,Johannes,,Amilii,,,,,,,,,355
Johannes Amman (Aman) 101 186.,Johannes,,Amman,Aman,,,,,,,,101 186
Johannes Anwege 296.,Johannes,,Anwege,,,,,,,,,296
Johannes Apergher 193.,Johannes,,Apergher,,,,,,,,,193
Johannes archidiac. de Sarburgo 80.,Johannes,,,,,,,archidiac. de Sarburgo,,,,80
Johannes archipresb. de Glan 108.,Johannes,,,,,,,archipresb. de Glan,,,,108
Johannes Arnoldi de Brochusen 197.,Johannes Arnoldi,,de Brochusen,,,,,,,,,197
Johannes Asterlo 393.,Johannes,,Asterlo,,,,,,,,,393
Johannes Augustini 282.,Johannes,,Augustini,,,,,,,,,282
Johannes Badersmid 193.,Johannes,,Badersmid,,,,,,,,,193
Johannes Balder 245.,Johannes,,Balder,,,,,,,,,245
Johannes bar. de Egmonde et de Yselstein 206.,Johannes,,,,,,,bar. de Egmonde et de Yselstein,,,,206
Johannes bar. de Haydeck 213.,Johannes,,,,,,,bar. de Haydeck,,,,213
Johannes bar. de Monteichan 227.,Johannes,,,,,,,bar. de Monteichan,,,,227
Johannes bar. de Reyferscheit 63.,Johannes,,,,,,,bar. de Reyferscheit,,,,63
Johannes Bartusch 166.,Johannes,,Bartusch,,,,,,,,,166
Johannes Bassaudi 193 370.,Johannes,,Bassaudi,,,,,,,,,193 370
Johannes Baw (Bau) 80 194.,Johannes,,Baw,Bau,,,,,,,,80 194
Johannes Beey 194.,Johannes,,Beey,,,,,,,,,194
Johannes Belen 221.,Johannes,,Belen,,,,,,,,,221
Johannes Belitz 394.,Johannes,,Belitz,,,,,,,,,394
Johannes Bentzing 218.,Johannes,,Bentzing,,,,,,,,,218
Johannes Berchtoeil 194.,Johannes,,Berchtoeil,,,,,,,,,194
Johannes Bern de Buyczbach 195.,Johannes Bern,,de Buyczbach,,,,,,,,,195
Johannes Bernhardi Munch de Tronbach 237.,Johannes Bernhardi Munch,,de Tronbach,,,,,,,,,237
Johannes Bernower 326.,Johannes,,Bernower,,,,,,,,,326
Johannes Bertholdi de Nipolczheim 195.,Johannes Bertholdi,,de Nipolczheim,,,,,,,,,195
Johannes Bessermeistir 195.,Johannes,,Bessermeistir,,,,,,,,,195
Johannes Beyer 70 134 228 229.,Johannes,,Beyer,,,,,,,,,70 134 228 229
Johannes Beyer de Bopardia 194.,Johannes Beyer,,de Bopardia,,,,,,,,,194
Johannes Bibow 195.,Johannes,,Bibow,,,,,,,,,195
Johannes Bichow (Bichaw) 195.,Johannes,,Bichow,Bichaw,,,,,,,,195
Johannes Billeken 196.,Johannes,,Billeken,,,,,,,,,196
Johannes Billen 231.,Johannes,,Billen,,,,,,,,,231
Johannes Bisschoff 195.,Johannes,,Bisschoff,,,,,,,,,195
Johannes Bladie 166.,Johannes,,Bladie,,,,,,,,,166
Johannes Bodeker 195.,Johannes,,Bodeker,,,,,,,,,195
Johannes Bodenwerder 237.,Johannes,,Bodenwerder,,,,,,,,,237
Johannes Boecholt (Boccholt) 183 217 255 372.,Johannes,,Boecholt,Boccholt,,,,,,,,183 217 255 372
Johannes Boguslai de Opporow 333.,Johannes Boguslai,,de Opporow,,,,,,,,,333
Johannes Bolkonis de Monsterberg dux Slezie 192.,Johannes Bolkonis,,de Monsterberg,,,,,dux Slezie,,,,192
Johannes Boniamici de Brionuilla 196.,Johannes Boniamici,,de Brionuilla,,,,,,,,,196
Johannes Bopfonis 91.,Johannes,,Bopfonis,,,,,,,,,91
Johannes Bosch 196.,Johannes,,Bosch,,,,,,,,,196
Johannes Bosen 329.,Johannes,,Bosen,,,,,,,,,329
Johannes Bosenrod al. dict. Karman 89.,Johannes,,Bosenrod,,Karman,,,,,,,89
Johannes Bottonis 307.,Johannes,,Bottonis,,,,,,,,,307
Johannes Brenczer 18.,Johannes,,Brenczer,,,,,,,,,18
Johannes Brideti 335.,Johannes,,Brideti,,,,,,,,,335
Johannes Briger 191.,Johannes,,Briger,,,,,,,,,191
Johannes Brugge 197.,Johannes,,Brugge,,,,,,,,,197
Johannes Bruggeman 197.,Johannes,,Bruggeman,,,,,,,,,197
Johannes Brun(i) 76 104 129 142 144 164 172 197 344 367 395 399.,Johannes,,Brun(i),,,,,,,,,76 104 129 142 144 164 172 197 344 367 395 399
"Johannes Brunn, ep. Herbipol. 197; cf. Johannes ep. Herbipol.",Johannes,,Brunn,,,,,ep. Herbipol.,,,Johannes ep. Herbipol,197
Johannes Brunnesberg 249.,Johannes,,Brunnesberg,,,,,,,,,249
Johannes Brunsteyn 391.,Johannes,,Brunsteyn,,,,,,,,,391
Johannes Bruse 106.,Johannes,,Bruse,,,,,,,,,106
Johannes Buck 280.,Johannes,,Buck,,,,,,,,,280
Johannes Bucko 39.,Johannes,,Bucko,,,,,,,,,39
Johannes Budenbant 208.,Johannes,,Budenbant,,,,,,,,,208
Johannes Budiconis 198.,Johannes,,Budiconis,,,,,,,,,198
Johannes Burer 387.,Johannes,,Burer,,,,,,,,,387
Johannes Burgeri 199.,Johannes,,Burgeri,,,,,,,,,199
Johannes Burmester 347.,Johannes,,Burmester,,,,,,,,,347
Johannes Bwdissen 282.,Johannes,,Bwdissen,,,,,,,,,282
Johannes Calle 392.,Johannes,,Calle,,,,,,,,,392
Johannes Camerawer 385.,Johannes,,Camerawer,,,,,,,,,385
Johannes Campestede 136.,Johannes,,Campestede,,,,,,,,,136
Johannes Caspar dict. Ossenhart 199.,Johannes,,Caspar,,Ossenhart,,,,,,,199
Johannes Castete 199.,Johannes,,Castete,,,,,,,,,199
Johannes Caweti 315.,Johannes,,Caweti,,,,,,,,,315
Johannes Cekinger 291.,Johannes,,Cekinger,,,,,,,,,291
Johannes Chastnar 200.,Johannes,,Chastnar,,,,,,,,,200
Johannes Chebde de Newesk 200.,Johannes Chebde,,de Newesk,,,,,,,,,200
Johannes Chowel de Hardenrichstain 200.,Johannes Chowel,,de Hardenrichstain,,,,,,,,,200
Johannes Chrazl 262.,Johannes,,Chrazl,,,,,,,,,262
Johannes Ciccarelli 239 244.,Johannes,,Ciccarelli,,,,,,,,,239 244
Johannes Ciringer 138.,Johannes,,Ciringer,,,,,,,,,138
Johannes Clayn 340.,Johannes,,Clayn,,,,,,,,,340
Johannes Clerici 201 229.,Johannes,,Clerici,,,,,,,,,201 229
Johannes Clonewegge 201.,Johannes,,Clonewegge,,,,,,,,,201
Johannes Clunseuot (Clunsenuot) 166 252 265.,Johannes,,Clunseuot,Clunsenuot,,,,,,,,166 252 265
Johannes Colentier 202.,Johannes,,Colentier,,,,,,,,,202
Johannes Colet 245.,Johannes,,Colet,,,,,,,,,245
Johannes Colmas 186 276.,Johannes,,Colmas,,,,,,,,,186 276
Johannes com. de Habsburg 340.,Johannes,,,,,,,com. de Habsburg,,,,340
Johannes com. de Katzinelbogen 199.,Johannes,,,,,,,com. de Katzinelbogen,,,,199
Johannes com. de Magdeburga al. de Hardeck 223.,Johannes,,,,,,,com. de Magdeburga al. de Hardeck,,,,223
Johannes com. de Spanheim 242.,Johannes,,,,,,,com. de Spanheim,,,,242
Johannes com. de Wertheim 253.,Johannes,,,,,,,com. de Wertheim,,,,253
Johannes com. Goricie et de Tirolis (Trealli) 19 210.,Johannes,,,,,,Trealli,com. Goricie et de Tirolis,,,,19 210
Johannes Conemanni 202.,Johannes,,Conemanni,,,,,,,,,202
Johannes Creyt de Turnout 202.,Johannes Creyt,,de Turnout,,,,,,,,,202
Johannes Crispin 83.,Johannes,,Crispin,,,,,,,,,83
Johannes Cristiani 200.,Johannes,,Cristiani,,,,,,,,,200
Johannes Cristini 370.,Johannes,,Cristini,,,,,,,,,370
Johannes Cruge 198.,Johannes,,Cruge,,,,,,,,,198
Johannes Crugher 122.,Johannes,,Crugher,,,,,,,,,122
Johannes Cruszhar 286.,Johannes,,Cruszhar,,,,,,,,,286
Johannes Cunewalde 242.,Johannes,,Cunewalde,,,,,,,,,242
Johannes Cursoris de Lyeche 203.,Johannes Cursoris,,de Lyeche,,,,,,,,,203
Johannes Czehil 397.,Johannes,,Czehil,,,,,,,,,397
Johannes Czenge 204.,Johannes,,Czenge,,,,,,,,,204
Johannes Czimeshusen al. Fabri 204.,Johannes,,Czimeshusen,,Fabri,,,,,,,204
Johannes Czimmerman 399.,Johannes,,Czimmerman,,,,,,,,,399
Johannes Daisse 204.,Johannes,,Daisse,,,,,,,,,204
Johannes Danckardi 204.,Johannes,,Danckardi,,,,,,,,,204
Johannes Dapiferi de Waltpurg 205.,Johannes Dapiferi,,de Waltpurg,,,,,,,,,205
Johannes de Almenhusen 89.,Johannes,,de Almenhusen,,,,,,,,,89
Johannes de Alstede 84.,Johannes,,de Alstede,,,,,,,,,84
"Johannes de Altamaria (Altomaria, Altmaria) 115 130 188 193.",Johannes,,de Altamaria,"Altomaria, Altmaria",,,,,,,,115 130 188 193
Johannes de Alten 192 391.,Johannes,,de Alten,,,,,,,,,192 391
Johannes de Amersfordia 347.,Johannes,,de Amersfordia,,,,,,,,,347
Johannes de Arwilre 193.,Johannes,,de Arwilre,,,,,,,,,193
Johannes de Astite 327.,Johannes,,de Astite,,,,,,,,,327
Johannes de Azel de Tiicza 18 391.,Johannes,,de Azel,,,,de Tiicza,,,,,18 391
Johannes de Barbi 193.,Johannes,,de Barbi,,,,,,,,,193
Johannes de Berchingen (Berchtingen) 194.,Johannes,,de Berchingen,Berchtingen,,,,,,,,194
Johannes de Bortzow 196.,Johannes,,de Bortzow,,,,,,,,,196
Johannes de Brakelen dict. Tagesclaff 89.,Johannes,,de Brakelen,,Tagesclaff,,,,,,,89
Johannes de Brochusen 197.,Johannes,,de Brochusen,,,,,,,,,197
Johannes de Bulgaro 18 199.,Johannes,,de Bulgaro,,,,,,,,,18 199
Johannes de Buren 199.,Johannes,,de Buren,,,,,,,,,199
Johannes de Burim 61.,Johannes,,de Burim,,,,,,,,,61
Johannes de Castro 199.,Johannes,,de Castro,,,,,,,,,199
Johannes de Ceruo 63 106 107.,Johannes,,de Ceruo,,,,,,,,,63 106 107
Johannes de Coliszkowo 202.,Johannes,,de Coliszkowo,,,,,,,,,202
Johannes de Colonia 202 219.,Johannes,,de Colonia,,,,,,,,,202 219
Johannes de Cryechinga 203.,Johannes,,de Cryechinga,,,,,,,,,203
Johannes de Cuba (Cube) 203 315.,Johannes,,de Cuba,Cube,,,,,,,,203 315
Johannes de Dauantria (Dauentria) 62 373.,Johannes,,de Dauantria,Dauentria,,,,,,,,62 373
Johannes de Degenberg 205.,Johannes,,de Degenberg,,,,,,,,,205
Johannes de Donys 342.,Johannes,,de Donys,,,,,,,,,342
Johannes de Durebach (Tiurebach) de Vberling 210.,Johannes,,de Durebach,Tiurebach,,,de Vberling,,,,,210
Johannes de Duysborch 193.,Johannes,,de Duysborch,,,,,,,,,193
Johannes de Eelswiick 206.,Johannes,,de Eelswiick,,,,,,,,,206
Johannes de Elibach 208.,Johannes,,de Elibach,,,,,,,,,208
Johannes de Eltzee 131.,Johannes,,de Eltzee,,,,,,,,,131
Johannes de Ema 207.,Johannes,,de Ema,,,,,,,,,207
Johannes de Erlens 18.,Johannes,,de Erlens,,,,,,,,,18
Johannes de Fay 14.,Johannes,,de Fay,,,,,,,,,14
Johannes de Flumine 138.,Johannes,,de Flumine,,,,,,,,,138
Johannes de Fonte 209.,Johannes,,de Fonte,,,,,,,,,209
Johannes de Francfordia 108.,Johannes,,de Francfordia,,,,,,,,,108
Johannes de Galiano 209.,Johannes,,de Galiano,,,,,,,,,209
Johannes de Gatzcow 207.,Johannes,,de Gatzcow,,,,,,,,,207
Johannes de Gmund 392.,Johannes,,de Gmund,,,,,,,,,392
Johannes de Goch 210.,Johannes,,de Goch,,,,,,,,,210
Johannes de Gossow 155.,Johannes,,de Gossow,,,,,,,,,155
Johannes de Hambaldt 213.,Johannes,,de Hambaldt,,,,,,,,,213
Johannes de Handorpe 231.,Johannes,,de Handorpe,,,,,,,,,231
Johannes de Harcuria 303.,Johannes,,de Harcuria,,,,,,,,,303
Johannes de Hayn 99.,Johannes,,de Hayn,,,,,,,,,99
Johannes de Hensberg 79.,Johannes,,de Hensberg,,,,,,,,,79
Johannes de Hermorfordia 216.,Johannes,,de Hermorfordia,,,,,,,,,216
Johannes de Heylgenstat 182.,Johannes,,de Heylgenstat,,,,,,,,,182
Johannes de Hoekirchen 217.,Johannes,,de Hoekirchen,,,,,,,,,217
Johannes de Hoffem (Hofeheim) 116 317.,Johannes,,de Hoffem,Hofeheim,,,,,,,,116 317
Johannes de Hoya 136.,Johannes,,de Hoya,,,,,,,,,136
Johannes de Indagine 218.,Johannes,,de Indagine,,,,,,,,,218
Johannes de Isnina (Ysnina) 52 181 219.,Johannes,,de Isnina,Ysnina,,,,,,,,52 181 219
Johannes de Kagenneck 199.,Johannes,,de Kagenneck,,,,,,,,,199
Johannes de Kirwilre 200.,Johannes,,de Kirwilre,,,,,,,,,200
Johannes de Langenaw 220.,Johannes,,de Langenaw,,,,,,,,,220
Johannes de Lilio 393.,Johannes,,de Lilio,,,,,,,,,393
Johannes de Lindenayo 221.,Johannes,,de Lindenayo,,,,,,,,,221
Johannes de Lisenkirche 104.,Johannes,,de Lisenkirche,,,,,,,,,104
Johannes de Loem 221.,Johannes,,de Loem,,,,,,,,,221
Johannes de Loen 221.,Johannes,,de Loen,,,,,,,,,221
Johannes de Louanio 157.,Johannes,,de Louanio,,,,,,,,,157
Johannes de Lude 223.,Johannes,,de Lude,,,,,,,,,223
Johannes de Lynen 157.,Johannes,,de Lynen,,,,,,,,,157
Johannes de Lynepe 221.,Johannes,,de Lynepe,,,,,,,,,221
Johannes de Malkos 223.,Johannes,,de Malkos,,,,,,,,,223
Johannes de Malticz 393.,Johannes,,de Malticz,,,,,,,,,393
Johannes de Medicis 49 52 121 137 140 146 151 164 171 176 185 187 207 209 219 223 226 246 268 269 277 284 287 295 313 321 323 341 348 365 366.,Johannes,,de Medicis,,,,,,,,,49 52 121 137 140 146 151 164 171 176 185 187 207 209 219 223 226 246 268 269 277 284 287 295 313 321 323 341 348 365 366
Johannes de Merode 225.,Johannes,,de Merode,,,,,,,,,225
Johannes de Moerse 16.,Johannes,,de Moerse,,,,,,,,,16
Johannes de Molendino 265.,Johannes,,de Molendino,,,,,,,,,265
Johannes de Monasteriis 227.,Johannes,,de Monasteriis,,,,,,,,,227
Johannes de Monte 80 128.,Johannes,,de Monte,,,,,,,,,80 128
Johannes de Monteiustino 335.,Johannes,,de Monteiustino,,,,,,,,,335
Johannes de Montepoliciano (Montepolitiano) 227 368.,Johannes,,de Montepoliciano,Montepolitiano,,,,,,,,227 368
Johannes de Montforde 154 227 319 373.,Johannes,,de Montforde,,,,,,,,,154 227 319 373
"Johannes de Nassouia (Nassaw, Nassow) 187 228.",Johannes,,de Nassouia,"Nassaw, Nassow",,,,,,,,187 228
Johannes de Naszach 228.,Johannes,,de Naszach,,,,,,,,,228
Johannes de Prussia 234.,Johannes,,de Prussia,,,,,,,,,234
Johannes de Querenkerken 391.,Johannes,,de Querenkerken,,,,,,,,,391
Johannes de Querfurt 235.,Johannes,,de Querfurt,,,,,,,,,235
Johannes de Rambnecurie 235.,Johannes,,de Rambnecurie,,,,,,,,,235
Johannes de Recham 233.,Johannes,,de Recham,,,,,,,,,233
Johannes de Reno al. Philippi 236.,Johannes,,de Reno,,Philippi,,,,,,,236
Johannes de Ruspach 244.,Johannes,,de Ruspach,,,,,,,,,244
Johannes de Rynstete 92.,Johannes,,de Rynstete,,,,,,,,,92
Johannes de Scaffheim 239.,Johannes,,de Scaffheim,,,,,,,,,239
Johannes de Schenghen 240.,Johannes,,de Schenghen,,,,,,,,,240
Johannes de Scriuani(s) 58 102 156 190 196 266 273 385 395.,Johannes,,de Scriuani(s),,,,,,,,,58 102 156 190 196 266 273 385 395
Johannes de Selheim 209 241.,Johannes,,de Selheim,,,,,,,,,209 241
Johannes de Strazzpurga (Strazzburga) 112.,Johannes,,de Strazzpurga,Strazzburga,,,,,,,,112
Johannes de Streitperg 323.,Johannes,,de Streitperg,,,,,,,,,323
Johannes de Susato 104.,Johannes,,de Susato,,,,,,,,,104
Johannes de Sybergh 241.,Johannes,,de Sybergh,,,,,,,,,241
Johannes de Vrffe 250.,Johannes,,de Vrffe,,,,,,,,,250
Johannes de Vsk (Wsk) 242 251.,Johannes,,de Vsk,Wsk,,,,,,,,242 251
Johannes de Wachtendunck 367.,Johannes,,de Wachtendunck,,,,,,,,,367
Johannes de Wackerzele 252.,Johannes,,de Wackerzele,,,,,,,,,252
Johannes de Wanda 252.,Johannes,,de Wanda,,,,,,,,,252
Johannes de Warwang 147.,Johannes,,de Warwang,,,,,,,,,147
Johannes de Weringen (Veringen) 212.,Johannes,,de Weringen,Veringen,,,,,,,,212
Johannes de Weseke 253.,Johannes,,de Weseke,,,,,,,,,253
Johannes de Wetzede 253.,Johannes,,de Wetzede,,,,,,,,,253
Johannes de Wilde 254.,Johannes,,de Wilde,,,,,,,,,254
Johannes de Winse 231.,Johannes,,de Winse,,,,,,,,,231
Johannes dec. eccl. b. Marie Veteriscapelle Ratisp. 331.,Johannes,,,,,,,dec.,eccl. b. Marie Veteriscapelle Ratisp.,,,331
Johannes dec. eccl. Ratisp. 230.,Johannes,,,,,,,dec.,eccl. Ratisp.,,,230
Johannes Dencklein 205.,Johannes,,Dencklein,,,,,,,,,205
Johannes Deyn 150.,Johannes,,Deyn,,,,,,,,,150
Johannes Deys 205.,Johannes,,Deys,,,,,,,,,205
Johannes diac. card. s. ss. Cosme et Damiani 18 29 141.,Johannes,,,,,,,diac. card. s. ss. Cosme et Damiani,,,,18 29 141
Johannes dict. Gacza 291.,Johannes,,,,Gacza,,,,,,,291
Johannes dict. Koning 89.,Johannes,,,,Koning,,,,,,,89
Johannes dict. Rentz 137.,Johannes,,,,Rentz,,,,,,,137
Johannes dict. Riechem (Reychem) 73.,Johannes,,,,Riechem (Reychem),,,,,,,73
Johannes dict. Segemunde 296.,Johannes,,,,Segemunde,,,,,,,296
Johannes dict. Swartkop 245.,Johannes,,,,Swartkop,,,,,,,245
Johannes Dienamy 205.,Johannes,,Dienamy,,,,,,,,,205
"Johannes Dorlach (Durlach, de Dur-laco) 15 205 208 389.",Johannes,,Dorlach,"Durlach, de Durlaco",,,,,,,,15 205 208 389
Johannes Drewe 400.,Johannes,,Drewe,,,,,,,,,400
Johannes Driborg 240.,Johannes,,Driborg,,,,,,,,,240
Johannes Drotti al. Lequaquay 206.,Johannes,,Drotti,,Lequaquay,,,,,,,206
Johannes Ducis 152.,Johannes,,Ducis,,,,,,,,,152
Johannes Dumplos 206.,Johannes,,Dumplos,,,,,,,,,206
Johannes dux Gourlis 6.,Johannes,,,,,,,dux Gourlis,,,,6
Johannes dux Ratiborien. 191.,Johannes,,,,,,,dux Ratiborien.,,,,191
Johannes dux Sagone et Sle sie 192.,Johannes,,,,,,,dux Sagone et Slesie,,,,192
Johannes Eckenbrecht (Erkenbrecht) 142 206.,Johannes,,Eckenbrecht,Erkenbrecht,,,,,,,,142 206
Johannes Eckestein 206.,Johannes,,Eckestein,,,,,,,,,206
Johannes Egidii 95.,Johannes,,Egidii,,,,,,,,,95
Johannes el. Baiocen. 216.,Johannes,,,,,,,el. Baiocen.,,,,216
Johannes Eling(h) 43 206.,Johannes,,Eling(h),,,,,,,,,43 206
Johannes Ellenpach (Elnpach) 48 206.,Johannes,,Ellenpach,Elnpach,,,,,,,,48 206
Johannes Elsung 207.,Johannes,,Elsung,,,,,,,,,207
Johannes Elterstorp 207.,Johannes,,Elterstorp,,,,,,,,,207
Johannes Ember 207 392.,Johannes,,Ember,,,,,,,,,207 392
"Johannes Emerode (Hemerode Thotonicus, Emernrode, Emenrod[e]) 187 207 392 402.",Johannes,,Emerode,"Hemerode Thotonicus, Emernrode, Emenrod[e]",,,,,,,,187 207 392 402
Johannes Engelbrecht 73.,Johannes,,Engelbrecht,,,,,,,,,73
Johannes Engelhardi (Ingelhardi) 76 152 178 196 207 234 254 276 340 391.,Johannes,,Engelhardi,Ingelhardi,,,,,,,,76 152 178 196 207 234 254 276 340 391
Johannes Ennerlinch 207.,Johannes,,Ennerlinch,,,,,,,,,207
Johannes ep. Argent. 54.,Johannes,,,,,,,ep. Argent.,,,,54
Johannes ep. Camin. 271.,Johannes,,,,,,,ep. Camin.,,,,271
Johannes ep. Citren. 17.,Johannes,,,,,,,ep. Citren.,,,,17
Johannes ep. Herbipol. 39 79 86 91 94 105 123 126 154 158 189 201 215 223 230 254 269 272 273 281 294 311; cf. Johannes Brunn.,Johannes,,,,,,,ep. Herbipol.,,,Johannes Brunn,39 79 86 91 94 105 123 126 154 158 189 201 215 223 230 254 269 272 273 281 294 311
Johannes ep. Hildesem. 157 264.,Johannes,,,,,,,ep. Hildesem.,,,,157 264
Johannes ep. Leod. 169 187 190 304.,Johannes,,,,,,,ep. Leod.,,,,169 187 190 304
Johannes ep. Lubic. 17 190.,Johannes,,,,,,,ep. Lubic.,,,,17 190
Johannes ep. Lubuc. 17 48 174 190.,Johannes,,,,,,,ep. Lubuc.,,,,17 48 174 190
"Johannes ep. Ostien. card., Viuarien. nuncup. 10 44 97 117 212.",Johannes,,,,,,,ep. Ostien. card. Viuarien. nuncup.,,,,10 44 97 117 212
Johannes ep. Ratisp. 5 40.,Johannes,,,,,,,ep. Ratisp.,,,,5 40
Johannes ep. Sleswic. 48 190.,Johannes,,,,,,,ep. Sleswic.,,,,48 190
Johannes ep. Tornac. 291.,Johannes,,,,,,,ep. Tornac.,,,,291
Johannes ep. Varnen. 295.,Johannes,,,,,,,ep. Varnen.,,,,295
Johannes ep. Wladisl. 190 290 375.,Johannes,,,,,,,ep. Wladisl.,,,,190 290 375
Johannes ep. Wormat. 391.,Johannes,,,,,,,ep. Wormat.,,,,391
Johannes Euershem 159 162.,Johannes,,Euershem,,,,,,,,,159 162
Johannes Ewerlich 207.,Johannes,,Ewerlich,,,,,,,,,207
Johannes Ewern de Gotiswalt 208.,Johannes Ewern,,de Gotiswalt,,,,,,,,,208
Johannes Eymbeken 122.,Johannes,,Eymbeken,,,,,,,,,122
Johannes Fabri 119 208 296.,Johannes,,Fabri,,,,,,,,,119 208 296
Johannes Famuli 208.,Johannes,,Famuli,,,,,,,,,208
Johannes Faulhaber 208.,Johannes,,Faulhaber,,,,,,,,,208
Johannes Fayditi 228.,Johannes,,Fayditi,,,,,,,,,228
Johannes Febri 385.,Johannes,,Febri,,,,,,,,,385
Johannes Fedrer 18.,Johannes,,Fedrer,,,,,,,,,18
Johannes Ferber 92.,Johannes,,Ferber,,,,,,,,,92
Johannes Fessult 208.,Johannes,,Fessult,,,,,,,,,208
Johannes Fewrack 290.,Johannes,,Fewrack,,,,,,,,,290
Johannes Feysli 114 208.,Johannes,,Feysli,,,,,,,,,114 208
Johannes Flandini presb. card. tit. ss. Joh. et Pauli 46.,Johannes,,Flandini,,,,,presb. card. tit. ss. Joh. et Pauli,,,,46
Johannes Flemying 208.,Johannes,,Flemying,,,,,,,,,208
Johannes Fork 209.,Johannes,,Fork,,,,,,,,,209
Johannes Franck 92.,Johannes,,Franck,,,,,,,,,92
Johannes Francke al. Nosberg (Noesberch) 48 113 229.,Johannes,,Francke,,Nosberg (Noesberch),,,,,,,48 113 229
Johannes Friburger 202 209.,Johannes,,Friburger,,,,,,,,,202 209
Johannes Fririeti de Albomonte 315.,Johannes Fririeti,,de Albomonte,,,,,,,,,315
Johannes Fronhouer 98.,Johannes,,Fronhouer,,,,,,,,,98
Johannes Frosch (Forsch) 209.,Johannes,,Frosch,Forsch,,,,,,,,209
Johannes Fuchsmundel 209.,Johannes,,Fuchsmundel,,,,,,,,,209
Johannes Gacko de Grunenberg 248.,Johannes Gacko,,de Grunenberg,,,,,,,,,248
Johannes Gallacz 87.,Johannes,,Gallacz,,,,,,,,,87
Johannes Gell 209.,Johannes,,Gell,,,,,,,,,209
Johannes Georgii 339.,Johannes,,Georgii,,,,,,,,,339
Johannes Gerardi de Hornbaco 210.,Johannes Gerardi,,de Hornbaco,,,,,,,,,210
Johannes Ghelendorp 106.,Johannes,,Ghelendorp,,,,,,,,,106
Johannes Ghelmen (Gelmen) 338 395.,Johannes,,Ghelmen,Gelmen,,,,,,,,338 395
Johannes Ghode 210.,Johannes,,Ghode,,,,,,,,,210
Johannes Gossel 75 86.,Johannes,,Gossel,,,,,,,,,75 86
Johannes Gotenshouer 210.,Johannes,,Gotenshouer,,,,,,,,,210
Johannes Graczow (Grancaw) 19 142.,Johannes,,Graczow,Grancaw,,,,,,,,19 142
Johannes Greber de Sangerhusen 211.,Johannes Greber,,de Sangerhusen,,,,,,,,,211
Johannes Greuensteyn 347.,Johannes,,Greuensteyn,,,,,,,,,347
Johannes Greuer de Nouaciuitate 211.,Johannes Greuer,,de Nouaciuitate,,,,,,,,,211
Johannes Griff 211.,Johannes,,Griff,,,,,,,,,211
Johannes Grolant (de Nurimberga) 211.,Johannes,,Grolant,,,,de Nurimberga,,,,,211
Johannes Gronower 211.,Johannes,,Gronower,,,,,,,,,211
Johannes Grost 211.,Johannes,,Grost,,,,,,,,,211
Johannes Gruwel 68.,Johannes,,Gruwel,,,,,,,,,68
Johannes Gryn 211.,Johannes,,Gryn,,,,,,,,,211
Johannes Guerini 212.,Johannes,,Guerini,,,,,,,,,212
Johannes Guicharelli 97 212.,Johannes,,Guicharelli,,,,,,,,,97 212
Johannes Guillermi 235.,Johannes,,Guillermi,,,,,,,,,235
Johannes Guinguin (?) 212.,Johannes,,Guinguin,,,,?,,,,,212
Johannes Gumpe 212.,Johannes,,Gumpe,,,,,,,,,212
Johannes Gunther 312.,Johannes,,Gunther,,,,,,,,,312
Johannes Gwer 118 237.,Johannes,,Gwer,,,,,,,,,118 237
Johannes Gwerlich (Guerlich) 52 212 392.,Johannes,,Gwerlich,Guerlich,,,,,,,,52 212 392
Johannes Haberstorff 213.,Johannes,,Haberstorff,,,,,,,,,213
Johannes Habiles 292.,Johannes,,Habiles,,,,,,,,,292
Johannes Habundi (Ambundii) 86 94 269.,Johannes,,Habundi,Ambundii,,,,,,,,86 94 269
Johannes Hack 213.,Johannes,,Hack,,,,,,,,,213
Johannes Haemsteden 213.,Johannes,,Haemsteden,,,,,,,,,213
Johannes Hagendorn (Haghendorn) 73 213.,Johannes,,Hagendorn,Haghendorn,,,,,,,,73 213
Johannes Hagheman 213.,Johannes,,Hagheman,,,,,,,,,213
Johannes Halemanni 240.,Johannes,,Halemanni,,,,,,,,,240
Johannes Halfwassen 213.,Johannes,,Halfwassen,,,,,,,,,213
Johannes Hamerl 213.,Johannes,,Hamerl,,,,,,,,,213
Johannes Hartmanni 200.,Johannes,,Hartmanni,,,,,,,,,200
Johannes Hedebant 127.,Johannes,,Hedebant,,,,,,,,,127
Johannes Helle 71.,Johannes,,Helle,,,,,,,,,71
Johannes Helling 58 94 96 118 122 129 208 210 213 214 216 309 352 388.,Johannes,,Helling,,,,,,,,,58 94 96 118 122 129 208 210 213 214 216 309 352 388
Johannes Helluich 19.,Johannes,,Helluich,,,,,,,,,19
Johannes Helmboldi de Seszlach 215.,Johannes Helmboldi,,de Seszlach,,,,,,,,,215
Johannes Henkini al. Rode 194 215.,Johannes,,Henkini,,Rode,,,,,,,194 215
Johannes Henrici de Albomonte 41 212 215.,Johannes Henrici,,de Albomonte,,,,,,,,,41 212 215
Johannes Henrici ducis Sle sie natus 392.,Johannes,,,,,Henrici ducis Slesie natus,,,,,,392
Johannes Henrici Schaffener de Ehenheim 74.,Johannes Henrici Schaffener,,de Ehenheim,,,,,,,,,74
Johannes Herberge 389 396.,Johannes,,Herberge,,,,,,,,,389 396
Johannes Herl 80 112.,Johannes,,Herl,,,,,,,,,80 112
Johannes Herlini 215.,Johannes,,Herlini,,,,,,,,,215
Johannes Hermanni Ruter 215.,Johannes,,Hermanni Ruter,,,,,,,,,215
Johannes Heruorst 216.,Johannes,,Heruorst,,,,,,,,,216
Johannes Heseler de Legenitz 216.,Johannes Heseler,,de Legenitz,,,,,,,,,216
Johannes Hess 216.,Johannes,,Hess,,,,,,,,,216
Johannes Heydersleiben 138.,Johannes,,Heydersleiben,,,,,,,,,138
Johannes Heylgensteyn 287.,Johannes,,Heylgensteyn,,,,,,,,,287
Johannes Heypgin 393.,Johannes,,Heypgin,,,,,,,,,393
Johannes Hiiuo de Lancicia 338.,Johannes Hiiuo,,de Lancicia,,,,,,,,,338
Johannes Hil(le)manni 143 216.,Johannes,,Hil(le)manni,,,,,,,,,143 216
"Johannes Hilmar (Hiltmar, Hiltman) 165 216.",Johannes,,Hilmar,"Hiltmar, Hiltman",,,,,,,,165 216
Johannes Hilpentorffer (Hippelsdorf) 261 300.,Johannes,,Hilpentorffer,Hippelsdorf,,,,,,,,261 300
Johannes Hilteboldi 216.,Johannes,,Hilteboldi,,,,,,,,,216
Johannes Hohenfirst 217.,Johannes,,Hohenfirst,,,,,,,,,217
Johannes Holler 19.,Johannes,,Holler,,,,,,,,,19
Johannes Homersen 214 217.,Johannes,,Homersen,,,,,,,,,214 217
Johannes Hondertmarcht 319.,Johannes,,Hondertmarcht,,,,,,,,,319
Johannes Hugueneti 184 217.,Johannes,,Hugueneti,,,,,,,,,184 217
Johannes Hushere 317.,Johannes,,Hushere,,,,,,,,,317
Johannes Huss 190.,Johannes,,Huss,,,,,,,,,190
"Johannes Hymdal (Hyndael, Hindael) 173 216.",Johannes,,Hymdal,"Hyndael, Hindael",,,,,,,,173 216
"Johannes Igelbeke (Igelbeck, Ygelbeck, Igelspeck) 84 125 155 184 298.",Johannes,,Igelbeke,"Igelbeck, Ygelbeck, Igelspeck",,,,,,,,84 125 155 184 298
Johannes Ilsung 217.,Johannes,,Ilsung,,,,,,,,,217
Johannes Indembouendale 187.,Johannes,,Indembouendale,,,,,,,,,187
Johannes Institoris de Franckfurdia 218.,Johannes Institoris,,de Franckfurdia,,,,,,,,,218
Johannes Isenbuel 122.,Johannes,,Isenbuel,,,,,,,,,122
Johannes Isenhart 53.,Johannes,,Isenhart,,,,,,,,,53
Johannes Jacobi 393.,Johannes,,Jacobi,,,,,,,,,393
Johannes Jacozi 9.,Johannes,,Jacozi,,,,,,,,,9
Johannes Janco Henrici 20.,Johannes,,Janco Henrici,,,,,,,,,20
Johannes Jenkewicz de Namslauia 191 247 282.,Johannes Jenkewicz,,de Namslauia,,,,,,,,,191 247 282
Johannes Johannis de Spangenberg 219.,Johannes Johannis,,de Spangenberg,,,,,,,,,219
Johannes Johannis Herpe 218.,Johannes,,Johannis Herpe,,,,,,,,,218
Johannes Johannis Yuonis 218.,Johannes,,Johannis Yuonis,,,,,,,,,218
Johannes Jordan 197.,Johannes,,Jordan,,,,,,,,,197
Johannes Joualdini 219.,Johannes,,Joualdini,,,,,,,,,219
Johannes Jux de Sirk 229.,Johannes Jux,,de Sirk,,,,,,,,,229
Johannes Kachler 387.,Johannes,,Kachler,,,,,,,,,387
Johannes Keller 295.,Johannes,,Keller,,,,,,,,,295
Johannes Kemerer 18 141.,Johannes,,Kemerer,,,,,,,,,18 141
Johannes Kemp 146.,Johannes,,Kemp,,,,,,,,,146
Johannes Kempe(n) 68 95 209 218 310.,Johannes,,Kempe(n),,,,,,,,,68 95 209 218 310
Johannes Kerkhoff 171 391.,Johannes,,Kerkhoff,,,,,,,,,171 391
Johannes Keseritz 242.,Johannes,,Keseritz,,,,,,,,,242
Johannes Kesseling 199.,Johannes,,Kesseling,,,,,,,,,199
Johannes Kessler 264.,Johannes,,Kessler,,,,,,,,,264
Johannes Kindingheman 399.,Johannes,,Kindingheman,,,,,,,,,399
Johannes Kinke 200.,Johannes,,Kinke,,,,,,,,,200
Johannes Kleinbort 201.,Johannes,,Kleinbort,,,,,,,,,201
Johannes Kleinher (Cleinher) 88 184.,Johannes,,Kleinher,Cleinher,,,,,,,,88 184
Johannes Knyeman 192.,Johannes,,Knyeman,,,,,,,,,192
Johannes Kocel 201.,Johannes,,Kocel,,,,,,,,,201
Johannes Kochemeister 201.,Johannes,,Kochemeister,,,,,,,,,201
Johannes Kochler 202.,Johannes,,Kochler,,,,,,,,,202
Johannes Kokele 201.,Johannes,,Kokele,,,,,,,,,201
Johannes Koler 202.,Johannes,,Koler,,,,,,,,,202
Johannes Kolkhaghen 202.,Johannes,,Kolkhaghen,,,,,,,,,202
Johannes Koperne 202.,Johannes,,Koperne,,,,,,,,,202
Johannes Kopstede 395.,Johannes,,Kopstede,,,,,,,,,395
Johannes Kornel 328.,Johannes,,Kornel,,,,,,,,,328
Johannes Kothner 212.,Johannes,,Kothner,,,,,,,,,212
Johannes Kranich (Karnich) 202.,Johannes,,Kranich,Karnich,,,,,,,,202
Johannes Krucelin (Crucelin) 68 216 256 292.,Johannes,,Krucelin,Crucelin,,,,,,,,68 216 256 292
Johannes Kune 203.,Johannes,,Kune,,,,,,,,,203
Johannes Kupper 203.,Johannes,,Kupper,,,,,,,,,203
Johannes Kust 203 322.,Johannes,,Kust,,,,,,,,,203 322
Johannes Ladebam 71.,Johannes,,Ladebam,,,,,,,,,71
Johannes Laebi 221.,Johannes,,Laebi,,,,,,,,,221
Johannes Lamperti 220.,Johannes,,Lamperti,,,,,,,,,220
Johannes Lange 198.,Johannes,,Lange,,,,,,,,,198
Johannes Langgrefft 220.,Johannes,,Langgrefft,,,,,,,,,220
Johannes Langhe (Langhen) 220.,Johannes,,Langhe,Langhen,,,,,,,,220
Johannes Lango(e)m 220 388.,Johannes,,Lango(e)m,,,,,,,,,220 388
Johannes Latin 220.,Johannes,,Latin,,,,,,,,,220
Johannes Leman 220.,Johannes,,Leman,,,,,,,,,220
Johannes Leoniis 11.,Johannes,,Leoniis,,,,,,,,,11
Johannes Leonis 220.,Johannes,,Leonis,,,,,,,,,220
Johannes Leuckeneri 63.,Johannes,,Leuckeneri,,,,,,,,,63
Johannes Leuenbergh 236.,Johannes,,Leuenbergh,,,,,,,,,236
Johannes Lidlein 175.,Johannes,,Lidlein,,,,,,,,,175
Johannes Lipman 221.,Johannes,,Lipman,,,,,,,,,221
Johannes Locher 221.,Johannes,,Locher,,,,,,,,,221
Johannes Lodemar 230.,Johannes,,Lodemar,,,,,,,,,230
Johannes Loff 221.,Johannes,,Loff,,,,,,,,,221
Johannes Loniiis 7.,Johannes,,Loniiis,,,,,,,,,7
Johannes Lonrad (Lonrat) 221 310.,Johannes,,Lonrad,Lonrat,,,,,,,,221 310
Johannes Lubbeking 157.,Johannes,,Lubbeking,,,,,,,,,157
Johannes Luce 222.,Johannes,,Luce,,,,,,,,,222
Johannes Luci 180.,Johannes,,Luci,,,,,,,,,180
Johannes Ludouici de Ballionibus de Perusio dict. Alamannus 222.,Johannes Ludouici,,de Ballionibus,,Alamannus,,de Perusio,,,,,222
Johannes Lurtz 222.,Johannes,,Lurtz,,,,,,,,,222
Johannes Luther 222.,Johannes,,Luther,,,,,,,,,222
Johannes Madala 296.,Johannes,,Madala,,,,,,,,,296
Johannes Madalener 392.,Johannes,,Madalener,,,,,,,,,392
Johannes Maerk 239.,Johannes,,Maerk,,,,,,,,,239
Johannes Magdalene de Pforczhe 223.,Johannes Magdalene,,de Pforczhe,,,,,,,,,223
Johannes Magdeburg 223.,Johannes,,Magdeburg,,,,,,,,,223
Johannes Maii 144.,Johannes,,Maii,,,,,,,,,144
Johannes Malesitz (Malesicz) 142 365.,Johannes,,Malesitz,Malesicz,,,,,,,,142 365
Johannes Mariis de Wesalia 223.,Johannes Mariis,,de Wesalia,,,,,,,,,223
Johannes Martini 223.,Johannes,,Martini,,,,,,,,,223
Johannes Matho 223.,Johannes,,Matho,,,,,,,,,223
Johannes Medlinger 223.,Johannes,,Medlinger,,,,,,,,,223
Johannes Melczer 202 301.,Johannes,,Melczer,,,,,,,,,202 301
Johannes Melebrunner 208 224.,Johannes,,Melebrunner,,,,,,,,,208 224
Johannes Meler 393.,Johannes,,Meler,,,,,,,,,393
Johannes Menger 339.,Johannes,,Menger,,,,,,,,,339
Johannes Mensonis 224 267.,Johannes,,Mensonis,,,,,,,,,224 267
Johannes Mentz 225.,Johannes,,Mentz,,,,,,,,,225
Johannes Mercz 123.,Johannes,,Mercz,,,,,,,,,123
Johannes Merkatoris 171.,Johannes,,Merkatoris,,,,,,,,,171
Johannes Mey 224.,Johannes,,Mey,,,,,,,,,224
Johannes Meyer 169 224.,Johannes,,Meyer,,,,,,,,,169 224
Johannes Meynesti 144 221 224.,Johannes,,Meynesti,,,,,,,,,144 221 224
Johannes Meynhart al. Smaltz 224.,Johannes,,Meynhart,,Smaltz,,,,,,,224
Johannes Meynsenberg 393.,Johannes,,Meynsenberg,,,,,,,,,393
Johannes Middendorp 226.,Johannes,,Middendorp,,,,,,,,,226
Johannes Mil 193.,Johannes,,Mil,,,,,,,,,193
Johannes Modelin 271.,Johannes,,Modelin,,,,,,,,,271
Johannes Molitoris de Varwang 226.,Johannes Molitoris,,de Varwang,,,,,,,,,226
Johannes Molner 226.,Johannes,,Molner,,,,,,,,,226
Johannes Monetarii 227.,Johannes,,Monetarii,,,,,,,,,227
Johannes Monsereuter de Furstenfelde 227.,Johannes Monsereuter,,de Furstenfelde,,,,,,,,,227
Johannes Moreti 228.,Johannes,,Moreti,,,,,,,,,228
Johannes Mouwe 395.,Johannes,,Mouwe,,,,,,,,,395
Johannes Mulich (Molich) 228 278 354.,Johannes,,Mulich,Molich,,,,,,,,228 278 354
Johannes Munstede 156.,Johannes,,Munstede,,,,,,,,,156
Johannes Muntbrant 228.,Johannes,,Muntbrant,,,,,,,,,228
Johannes Naghel 223.,Johannes,,Naghel,,,,,,,,,223
Johannes Nallinger 328.,Johannes,,Nallinger,,,,,,,,,328
Johannes Neidecker 228.,Johannes,,Neidecker,,,,,,,,,228
Johannes Nephe 202.,Johannes,,Nephe,,,,,,,,,202
Johannes Newburger de Vienna 74.,Johannes Newburger,,de Vienna,,,,,,,,,74
Johannes Nicolai (Nicolay) 316 335.,Johannes,,Nicolai,Nicolay,,,,,,,,316 335
Johannes Nicolai Cauer (Couer) al. de Suel (Sule) 217 228.,Johannes,,Nicolai Cauer,Couer,de Suel (Sule),,,,,,,217 228
Johannes Nicolai de Confluencia 393.,Johannes Nicolai,,de Confluencia,,,,,,,,,393
Johannes Nicolai de Homburgo 229.,Johannes Nicolai,,de Homburgo,,,,,,,,,229
Johannes Nicolai de Mlodwyn 229.,Johannes Nicolai,,de Mlodwyn,,,,,,,,,229
Johannes Nicolai Gebhardi 229.,Johannes,,Nicolai Gebhardi,,,,,,,,,229
Johannes Nigri 229.,Johannes,,Nigri,,,,,,,,,229
Johannes Noert 229.,Johannes,,Noert,,,,,,,,,229
Johannes Nymmerdewtsch 282.,Johannes,,Nymmerdewtsch,,,,,,,,,282
Johannes offic. Const. 271.,Johannes,,,,,,,offic. Const.,,,,271
Johannes patr. Aquil. 170.,Johannes,,,,,,,patr. Aquil.,,,,170
Johannes Prawn 359.,Johannes,,Prawn,,,,,,,,,359
Johannes prep. eccl. Havelb. 118.,Johannes,,,,,,,prep.,eccl. Havelb.,,,118
Johannes prep. eccl. s. Petri Budissin. 276.,Johannes,,,,,,,prep.,eccl. s. Petri Budissin.,,,276
Johannes prep. mon. b. Marie Magdal. Magdeburg. 122.,Johannes,,,,,,,prep.,mon. b. Marie Magdal. Magdeburg.,,,122
Johannes presb. card. tit. s. Crucis in Gerusal. 10 25 52 254 302 317.,Johannes,,,,,,,presb. card. tit. s. Crucis in Gerusal.,,,,10 25 52 254 302 317
Johannes princeps Slauie infer. 192.,Johannes,,,,,,,princeps Slauie infer.,,,,192
Johannes Prouest 118.,Johannes,,Prouest,,,,,,,,,118
Johannes Prudentis 234.,Johannes,,Prudentis,,,,,,,,,234
Johannes Prunner 234.,Johannes,,Prunner,,,,,,,,,234
Johannes Puel 234.,Johannes,,Puel,,,,,,,,,234
Johannes Quentin(i) de Schonenbach 234 346.,Johannes Quentin(i),,de Schonenbach,,,,,,,,,234 346
Johannes Raben de Burkunstat 235.,Johannes Raben,,de Burkunstat,,,,,,,,,235
Johannes Rapard 158.,Johannes,,Rapard,,,,,,,,,158
Johannes Rebbeken 235.,Johannes,,Rebbeken,,,,,,,,,235
Johannes Recke 114.,Johannes,,Recke,,,,,,,,,114
Johannes Redighen 225.,Johannes,,Redighen,,,,,,,,,225
Johannes Reggentin 235.,Johannes,,Reggentin,,,,,,,,,235
Johannes Reinberti 231.,Johannes,,Reinberti,,,,,,,,,231
Johannes Rekenare 235.,Johannes,,Rekenare,,,,,,,,,235
Johannes Rempel 236.,Johannes,,Rempel,,,,,,,,,236
Johannes Renker 282.,Johannes,,Renker,,,,,,,,,282
Johannes Reppener 275.,Johannes,,Reppener,,,,,,,,,275
Johannes Resen 236.,Johannes,,Resen,,,,,,,,,236
Johannes Rewtenwerger 236.,Johannes,,Rewtenwerger,,,,,,,,,236
Johannes Rex 18.,Johannes,,Rex,,,,,,,,,18
Johannes Reyffesteck 236.,Johannes,,Reyffesteck,,,,,,,,,236
Johannes Reze 236.,Johannes,,Reze,,,,,,,,,236
Johannes Riben 175.,Johannes,,Riben,,,,,,,,,175
Johannes Ricaldi de Merode 236.,Johannes Ricaldi,,de Merode,,,,,,,,,236
Johannes Richardi 161.,Johannes,,Richardi,,,,,,,,,161
Johannes Rickersen (Rikkersen) 207 236.,Johannes,,Rickersen,Rikkersen,,,,,,,,207 236
Johannes Ridingher 19.,Johannes,,Ridingher,,,,,,,,,19
Johannes Riembeke 144.,Johannes,,Riembeke,,,,,,,,,144
Johannes Rieppam de Sulgen 19.,Johannes Rieppam,,de Sulgen,,,,,,,,,19
Johannes Rike 266.,Johannes,,Rike,,,,,,,,,266
"Johannes Riman (Ruma, Rima), el. Pomesan. 19.",Johannes,,Riman,"Ruma, Rima",,,,el. Pomesan.,,,,19
Johannes Rinchoff 388.,Johannes,,Rinchoff,,,,,,,,,388
Johannes Ritter 118 237.,Johannes,,Ritter,,,,,,,,,118 237
Johannes Ro(y)tgeuel 12 117.,Johannes,,Ro(y)tgeuel,,,,,,,,,12 117
Johannes Rodeken 24.,Johannes,,Rodeken,,,,,,,,,24
Johannes Rodolphi al. Sartoris 237.,Johannes,,Rodolphi,,Sartoris,,,,,,,237
Johannes Rorich 120.,Johannes,,Rorich,,,,,,,,,120
Johannes Rose (Roze) 356.,Johannes,,Rose,Roze,,,,,,,,356
Johannes Rosegg 237.,Johannes,,Rosegg,,,,,,,,,237
Johannes Rosemuedl 237.,Johannes,,Rosemuedl,,,,,,,,,237
Johannes Rosenboem 237.,Johannes,,Rosenboem,,,,,,,,,237
Johannes Roslow 238.,Johannes,,Roslow,,,,,,,,,238
Johannes Rotel de Salina 238.,Johannes Rotel,,de Salina,,,,,,,,,238
Johannes Rotkirche 238.,Johannes,,Rotkirche,,,,,,,,,238
Johannes Rouleti 229.,Johannes,,Rouleti,,,,,,,,,229
Johannes Ruckeri de Lansteyn 238.,Johannes Ruckeri,,de Lansteyn,,,,,,,,,238
Johannes Rudolt 20 239.,Johannes,,Rudolt,,,,,,,,,20 239
Johannes Rugheri de Gerishem 20 29.,Johannes Rugheri,,de Gerishem,,,,,,,,,20 29
Johannes Ruos 239.,Johannes,,Ruos,,,,,,,,,239
Johannes Rusz 224.,Johannes,,Rusz,,,,,,,,,224
Johannes Ryneglie 222.,Johannes,,Ryneglie,,,,,,,,,222
Johannes Sabelli 239.,Johannes,,Sabelli,,,,,,,,,239
Johannes Sag 45.,Johannes,,Sag,,,,,,,,,45
Johannes Scalpipe de Vdem 239.,Johannes Scalpipe,,de Vdem,,,,,,,,,239
Johannes Scarpsele 239.,Johannes,,Scarpsele,,,,,,,,,239
Johannes Scerenpi(g)er 240.,Johannes,,Scerenpi(g)er,,,,,,,,,240
Johannes Schachtner 364.,Johannes,,Schachtner,,,,,,,,,364
Johannes Schaffener al. dict. Ciclo de Baldeburne 53 290.,Johannes Schaffener,,de Baldeburne,,Ciclo,,,,,,,53 290
Johannes Schakan 276.,Johannes,,Schakan,,,,,,,,,276
Johannes Scharb 20.,Johannes,,Scharb,,,,,,,,,20
Johannes Scharenstetter 239.,Johannes,,Scharenstetter,,,,,,,,,239
Johannes Schele 18 23.,Johannes,,Schele,,,,,,,,,18 23
Johannes Schilder 296.,Johannes,,Schilder,,,,,,,,,296
Johannes Schonaw 240.,Johannes,,Schonaw,,,,,,,,,240
"Johannes Schucz (Scuz, Sacz, Schutz) 239 240 244 352.",Johannes,,Schucz,"Scuz, Sacz, Schutz",,,,,,,,239 240 244 352
Johannes Schuerck 240.,Johannes,,Schuerck,,,,,,,,,240
Johannes Schulder(en) 148 240.,Johannes,,Schulder(en),,,,,,,,,148 240
Johannes Schurman 241.,Johannes,,Schurman,,,,,,,,,241
Johannes Schwabli 186.,Johannes,,Schwabli,,,,,,,,,186
Johannes Scolini 240.,Johannes,,Scolini,,,,,,,,,240
Johannes Scroder de Borgh 201.,Johannes Scroder,,de Borgh,,,,,,,,,201
Johannes Sculteti (Sculteti) de Meschede 240.,Johannes Sculteti,Sculteti,de Meschede,,,,,,,,,240
Johannes Selichin de Laynstein 241.,Johannes Selichin,,de Laynstein,,,,,,,,,241
Johannes Sendelpech 241.,Johannes,,Sendelpech,,,,,,,,,241
Johannes Sentgrafe 206.,Johannes,,Sentgrafe,,,,,,,,,206
Johannes Sepen 207.,Johannes,,Sepen,,,,,,,,,207
Johannes Slinicz 241.,Johannes,,Slinicz,,,,,,,,,241
Johannes Sloff 159.,Johannes,,Sloff,,,,,,,,,159
Johannes Smalt al. Sasse 242.,Johannes,,Smalt,,Sasse,,,,,,,242
Johannes Smid 257.,Johannes,,Smid,,,,,,,,,257
Johannes Snapper 242.,Johannes,,Snapper,,,,,,,,,242
Johannes Snee 131.,Johannes,,Snee,,,,,,,,,131
Johannes Somerken al. Schenehope 131.,Johannes,,Somerken,,Schenehope,,,,,,,131
Johannes Sommirfeld 242.,Johannes,,Sommirfeld,,,,,,,,,242
Johannes Sostionis 242.,Johannes,,Sostionis,,,,,,,,,242
Johannes Sparenmeker de Ratinghen 242.,Johannes Sparenmeker,,de Ratinghen,,,,,,,,,242
Johannes Spekcher (Specher) 46 242.,Johannes,,Spekcher,Specher,,,,,,,,46 242
Johannes Stalberg 20 242.,Johannes,,Stalberg,,,,,,,,,20 242
Johannes Stanislai de Belawy 243 309.,Johannes Stanislai,,de Belawy,,,,,,,,,243 309
Johannes Stanyslay de Glunick 244.,Johannes Stanyslay,,de Glunick,,,,,,,,,244
Johannes Stempel 244.,Johannes,,Stempel,,,,,,,,,244
Johannes Stenbier (Steybier) al. Stenbin 234.,Johannes,,Stenbier,Steybier,Stenbin,,,,,,,234
Johannes Stephani 326.,Johannes,,Stephani,,,,,,,,,326
Johannes Stepyng 244.,Johannes,,Stepyng,,,,,,,,,244
Johannes Steteuelt 132.,Johannes,,Steteuelt,,,,,,,,,132
Johannes Stocker 85 264.,Johannes,,Stocker,,,,,,,,,85 264
Johannes Stoghusen 394.,Johannes,,Stoghusen,,,,,,,,,394
Johannes Strabe 387.,Johannes,,Strabe,,,,,,,,,387
Johannes Strale 336.,Johannes,,Strale,,,,,,,,,336
Johannes Strebel 93.,Johannes,,Strebel,,,,,,,,,93
Johannes Strelin 244.,Johannes,,Strelin,,,,,,,,,244
Johannes Strimp (Scrimp) 104 244 388 396 400.,Johannes,,Strimp,Scrimp,,,,,,,,104 244 388 396 400
Johannes Stromair 244.,Johannes,,Stromair,,,,,,,,,244
Johannes Stuchs (Stuxs) 244.,Johannes,,Stuchs,Stuxs,,,,,,,,244
Johannes Stunck 180 396.,Johannes,,Stunck,,,,,,,,,180 396
Johannes Suermont 400.,Johannes,,Suermont,,,,,,,,,400
Johannes Sutoris de Ostheim 394.,Johannes Sutoris,,de Ostheim,,,,,,,,,394
Johannes Swalemberg (Swalenberg) 283 346.,Johannes,,Swalemberg,Swalenberg,,,,,,,,283 346
Johannes Swartze 282.,Johannes,,Swartze,,,,,,,,,282
Johannes Swayne 131.,Johannes,,Swayne,,,,,,,,,131
Johannes Swebichin 245.,Johannes,,Swebichin,,,,,,,,,245
Johannes Sweinfurt(er) 61 152.,Johannes,,Sweinfurt(er),,,,,,,,,61 152
Johannes Sweinpeck (Sweinpekh) 153 245.,Johannes,,Sweinpeck,Sweinpekh,,,,,,,,153 245
Johannes Swelher 192.,Johannes,,Swelher,,,,,,,,,192
Johannes Swemlin 149.,Johannes,,Swemlin,,,,,,,,,149
Johannes Syberti de Wachtendunch 241.,Johannes Syberti,,de Wachtendunch,,,,,,,,,241
Johannes Tabbert 396.,Johannes,,Tabbert,,,,,,,,,396
Johannes Tanel 245.,Johannes,,Tanel,,,,,,,,,245
Johannes Tantz 245.,Johannes,,Tantz,,,,,,,,,245
Johannes van den Weghe de Ysendoren 252.,Johannes van den Weghe,,de Ysendoren,,,,,,,,,252
Johannes van Wertere 296.,Johannes,,van Wertere,,,,,,,,,296
Johannes vic. gen. Trident. 356.,Johannes,,,,,,,vic. gen. Trident.,,,,356
Johannes Volgher 250.,Johannes,,Volgher,,,,,,,,,250
Johannes Vos 65 201 323.,Johannes,,Vos,,,,,,,,,65 201 323
Johannes Vringer 389.,Johannes,,Vringer,,,,,,,,,389
Johannes Vritze 82 83.,Johannes,,Vritze,,,,,,,,,82 83
Johannes Vtenelswert dict. (de) Pisis 15 20 130 137 251 357.,Johannes,,Vtenelswert,,(de) Pisis,,,,,,,15 20 130 137 251 357
Johannes Vtenheim 43.,Johannes,,Vtenheim,,,,,,,,,43
Johannes Waldeck 58 254.,Johannes,,Waldeck,,,,,,,,,58 254
Johannes Waldow 252.,Johannes,,Waldow,,,,,,,,,252
Johannes Walecz 5.,Johannes,,Walecz,,,,,,,,,5
Johannes Walkem (Walkini) 198 212.,Johannes,,Walkem,Walkini,,,,,,,,198 212
Johannes Walken (Valkin) 268 269.,Johannes,,Walken,Valkin,,,,,,,,268 269
Johannes Walling 252 265.,Johannes,,Walling,,,,,,,,,252 265
Johannes Walrami (Valerami) de Tiersten 252.,Johannes Walrami,Valerami,de Tiersten,,,,,,,,,252
Johannes Walteri de Tullo 41 252.,Johannes Walteri,,de Tullo,,,,,,,,,41 252
Johannes Warendorp 166.,Johannes,,Warendorp,,,,,,,,,166
Johannes Warnemunde 144.,Johannes,,Warnemunde,,,,,,,,,144
Johannes Weckerlin 65.,Johannes,,Weckerlin,,,,,,,,,65
Johannes Wegirdantz 157 253.,Johannes,,Wegirdantz,,,,,,,,,157 253
Johannes Weiderighank 343.,Johannes,,Weiderighank,,,,,,,,,343
Johannes Welder 285.,Johannes,,Welder,,,,,,,,,285
Johannes Wener 385.,Johannes,,Wener,,,,,,,,,385
Johannes Wengener 73.,Johannes,,Wengener,,,,,,,,,73
Johannes Werling al. Dumpach 110.,Johannes,,Werling,,Dumpach,,,,,,,110
Johannes Werneri de Brunichusen 253.,Johannes Werneri,,de Brunichusen,,,,,,,,,253
Johannes Werneri de Merode 253.,Johannes Werneri,,de Merode,,,,,,,,,253
Johannes Westerlo 253.,Johannes,,Westerlo,,,,,,,,,253
Johannes Westfali 48 253 282.,Johannes,,Westfali,,,,,,,,,48 253 282
Johannes Wicchleff 133 271.,Johannes,,Wicchleff,,,,,,,,,133 271
Johannes Widenbrugge 346.,Johannes,,Widenbrugge,,,,,,,,,346
Johannes Wigboldis 254.,Johannes,,Wigboldis,,,,,,,,,254
Johannes Wilderici 230.,Johannes,,Wilderici,,,,,,,,,230
Johannes Wilkini 254 350.,Johannes,,Wilkini,,,,,,,,,254 350
Johannes Winckler 284.,Johannes,,Winckler,,,,,,,,,284
"Johannes Windink (Windinck, Wyndynch) 254.",Johannes,,Windink,"Windinck, Wyndynch",,,,,,,,254
Johannes Winhusen 158.,Johannes,,Winhusen,,,,,,,,,158
Johannes Wintheri de Rudensheim al de Gisenheim 238 255.,Johannes Wintheri,,de Rudensheim,,de Gisenheim,,,,,,,238 255
Johannes Wissimburger 276.,Johannes,,Wissimburger,,,,,,,,,276
Johannes Wisze al. Lupus 196.,Johannes,,Wisze,,Lupus,,,,,,,196
Johannes Wit 255.,Johannes,,Wit,,,,,,,,,255
Johannes Witzig 326.,Johannes,,Witzig,,,,,,,,,326
Johannes Wladowicz 52.,Johannes,,Wladowicz,,,,,,,,,52
Johannes Wolkensteiner 255.,Johannes,,Wolkensteiner,,,,,,,,,255
Johannes Worchem 255.,Johannes,,Worchem,,,,,,,,,255
Johannes Wuczing 255.,Johannes,,Wuczing,,,,,,,,,255
Johannes Wydo 253.,Johannes,,Wydo,,,,,,,,,253
Johannes XXIII. pp. 39 52 75 81 99 251 289 292 297 365 385—402.,Johannes XXIII.,,,,,,,pp.,,,,39 52 75 81 99 251 289 292 297 365 385—402
Johannes Yrini 291.,Johannes,,Yrini,,,,,,,,,291
Johannes Zadelman 256.,Johannes,,Zadelman,,,,,,,,,256
Johannes Zaissolf 244.,Johannes,,Zaissolf,,,,,,,,,244
Johannes Zendernich 256.,Johannes,,Zendernich,,,,,,,,,256
Johannes Zeukens de Breda 256.,Johannes Zeukens,,de Breda,,,,,,,,,256
Johannes Zeyss de Bopfingen 394.,Johannes Zeyss,,de Bopfingen,,,,,,,,,394
Johannes Ziegler 256.,Johannes,,Ziegler,,,,,,,,,256
Johannes Zinghen 330.,Johannes,,Zinghen,,,,,,,,,330
Johannes Zumrasze 320.,Johannes,,Zumrasze,,,,,,,,,320
Johannesulricus Johannes Spiegel 216 256.,Johannesulricus,,Johannes Spiegel,,,,,,,,,216 256
Jordanus Gosse 296.,Jordanus,,Gosse,,,,,,,,,296
Jordanus Plescow 83.,Jordanus,,Plescow,,,,,,,,,83
Jordanus presb. card. tit. s. Laurentii in Damaso resp. ep. Alban. 5 89 108 189 197 201 256.,Jordanus,,,,,,,presb. card. tit. s. Laurentii in Damaso resp. ep. Alban.,,,,5 89 108 189 197 201 256
Judocus abb. mon. in Rott 188.,Judocus,,,,,,,abb.,mon. in Rott,,,188
Julianus 278.,Julianus,,,,,,,,,,,278
Julius com. in Vunstorp 257.,Julius,,,,,,,com. in Vunstorp,,,,257
Katerina (Syuelbicz de Warzingaw) 293.,Katerina,,,,,,Syuelbicz de Warzingaw,,,,,293
Katherina (bar. de Zelking) 167.,Katherina,,,,,,bar. de Zelking,,,,,167
Katherina (de Fonte) 209.,Katherina,,,,,,de Fonte,,,,,209
Katherina (dict. Thomisschik) 354.,Katherina,,,,,,dict. Thomisschik,,,,,354
Katherina (Dumplös) 206.,Katherina,,,,,,Dumplös,,,,,206
Katherina (Kochler) 202.,Katherina,Kochler,,,,,,,,,,202
Katherina (Swartze) 364.,Katherina,,,,,,Swartze,,,,,364
Koruonus de Bront (c ?) 98.,Koruonus,,de Bront,,,,c ?,,,,,98
Krezlaus Bernardi 98.,Krezlaus,,Bernardi,,,,,,,,,98
Kunegundis (Tewfel de Nuremberga) 245.,Kunegundis,,,,,,Tewfel de Nuremberga,,,,,245
Kunegundis de Czawechaw 165.,Kunegundis,,de Czawechaw,,,,,,,,,165
Kunemundus de Bessingen 99.,Kunemundus,,de Bessingen,,,,,,,,,99
Kunnegundis (de Cile) 125.,Kunnegundis,,,,,,de Cile,,,,,125
Kunnegundis (de Sebech) 355.,Kunnegundis,,,,,,de Sebech,,,,,355
Lambertus de Doyne de Colonia 21 25 176 222 308 327.,Lambertus,,de Doyne,,,,de Colonia,,,,,21 25 176 222 308 327
Lambertus de Randen 277.,Lambertus,,de Randen,,,,,,,,,277
Lambertus Korter 100.,Lambertus,,Korter,,,,,,,,,100
Lambertus Lubbertz 134.,Lambertus,,Lubbertz,,,,,,,,,134
Lambertus Reggen 160.,Lambertus,,Reggen,,,,,,,,,160
Lambertus Sluter de Gelria 258.,Lambertus Sluter,,de Gelria,,,,,,,,,258
Lambertus Tenlanghenhauë 394.,Lambertus,,Tenlanghenhauë,,,,,,,,,394
Lambertus Terhouen 258.,Lambertus,,Terhouen,,,,,,,,,258
Lambertus Vliegher 258 343.,Lambertus,,Vliegher,,,,,,,,,258 343
Lambertus Wulften 258.,Lambertus,,Wulften,,,,,,,,,258
Lampertus de Sassenhusen (Suessenhusen) 258 395.,Lampertus,,de Sassenhusen,Suessenhusen,,,,,,,,258 395
Landulphus diac. card. s. Nicolai in Carcere Tulliano 59 259.,Landulphus,,,,,,,diac. card. s. Nicolai in Carcere Tulliano,,,,59 259
Laurentius Balderi 212.,Laurentius,,Balderi,,,,,,,,,212
Laurentius Chamler (Chemler) 123 259 316 320.,Laurentius,,Chamler,Chemler,,,,,,,,123 259 316 320
Laurentius Comeyse (Kumeyse) 257 282.,Laurentius,,Comeyse,Kumeyse,,,,,,,,257 282
Laurentius Conradi Teotonicus (Teutonicus) 259.,Laurentius,,Conradi Teotonicus,Teutonicus,,,,,,,,259
Laurentius de Caco (Cacs) 259.,Laurentius,,de Caco,Cacs,,,,,,,,259
Laurentius de Centzen 393.,Laurentius,,de Centzen,,,,,,,,,393
Laurentius de Enno 260.,Laurentius,,de Enno,,,,,,,,,260
Laurentius Egeloff 259.,Laurentius,,Egeloff,,,,,,,,,259
Laurentius Heesten (Hyeste) 190 336.,Laurentius,,Heesten,Hyeste,,,,,,,,190 336
Laurentius Johannis 260.,Laurentius,,Johannis,,,,,,,,,260
Laurentius Johannis de Waydhofen 260.,Laurentius Johannis,,de Waydhofen,,,,,,,,,260
Laurentius Lemmechin 260.,Laurentius,,Lemmechin,,,,,,,,,260
Laurentius Mautter 123 164 320.,Laurentius,,Mautter,,,,,,,,,123 164 320
Laurentius Reran 260.,Laurentius,,Reran,,,,,,,,,260
Laurentius Sachse 260 282.,Laurentius,,Sachse,,,,,,,,,260 282
Laurentius Suluerbrenner 226.,Laurentius,,Suluerbrenner,,,,,,,,,226
Laurentius Vardeon 97.,Laurentius,,Vardeon,,,,,,,,,97
Laurentius Vlami 148.,Laurentius,,Vlami,,,,,,,,,148
Laurentius Weys 260.,Laurentius,,Weys,,,,,,,,,260
Legatus de Werberge 89.,Legatus,,de Werberge,,,,,,,,,89
Leo de Reiis 21.,Leo,,de Reiis,,,,,,,,,21
Leo IX. pp. 191.,Leo IX.,,,,,,,pp.,,,,191
Leo Wilhelmi 261 394.,Leo,,Wilhelmi,,,,,,,,,261 394
Leonardus (Leonhardus) de Aretio 232 261.,Leonardus,Leonhardus,de Aretio,,,,,,,,,232 261
Leonardus (Linhardus) Store 163.,Leonardus,Linhardus,Store,,,,,,,,,163
Leonardus (Lunardus) Marquardi de Elzstein (Erzstein) 211.,Leonardus,Lunardus,Marquardi,Erzstein,,,de Elzstein,,,,,211
Leonardus Dapiferi 188 261.,Leonardus,,Dapiferi,,,,,,,,,188 261
Leonardus Hetzelstorffer 266.,Leonardus,,Hetzelstorffer,,,,,,,,,266
Leonardus Johannis de Florentia 261.,Leonardus Johannis,,de Florentia,,,,,,,,,261
Leonardus prep. eccl. Wratisl. 282.,Leonardus,,,,,,,prep.,eccl. Wratisl.,,,282
Leonardus Schawr 238.,Leonardus,,Schawr,,,,,,,,,238
Leonardus Steinhortungem 206.,Leonardus,,Steinhortungem,,,,,,,,,206
Leonardus Venrade dict. de Colonia 262.,Leonardus,,Venrade,,de Colonia,,,,,,,262
Leonhardus Fabri 261.,Leonhardus,,Fabri,,,,,,,,,261
Leonhardus Kuppherlin 181.,Leonhardus,,Kuppherlin,,,,,,,,,181
Leonhardus Leonhardi de Viterbo 134.,Leonhardus Leonhardi,,de Viterbo,,,,,,,,,134
Leonhardus Leyminger (de Laymyn-gen) 261.,Leonhardus,,Leyminger,,,,de Laymyngen,,,,,261
Leonhardus Menerl 262.,Leonhardus,,Menerl,,,,,,,,,262
Leonhardus Smit 262.,Leonhardus,,Smit,,,,,,,,,262
Leonhardus Waltheri 262.,Leonhardus,,Waltheri,,,,,,,,,262
Leonhardus Weysman 262.,Leonhardus,,Weysman,,,,,,,,,262
Leopoldus (Leupoldus) dux Austrie 32 160 332.,Leopoldus,Leupoldus,,,,,,dux Austrie,,,,32 160 332
Leupoldus bar. de Eckertzaw (Eckharzaw) 262.,Leupoldus,,,,,,Eckharzaw,bar. de Eckertzaw,,,,262
Leutholdus Wersing 282.,Leutholdus,,Wersing,,,,,,,,,282
Liebhardus Cummer 304.,Liebhardus,,Cummer,,,,,,,,,304
Liebhardus Westermeier 395.,Liebhardus,,Westermeier,,,,,,,,,395
"Liebhardus, Liphardus v. Luphardus.",Liebhardus,Liphardus,,,,,,,,Luphardus,,
Linka Strociurn 93.,Linka,,Strociurn,,,,,,,,,93
Linhardus v. Leonardus.,Linhardus,,,,,,,,,Leonardus,,
Liphardus de Heruorden 270.,Liphardus,,de Heruorden,,,,,,,,,270
Liuoldus Perlin 263.,Liuoldus,,Perlin,,,,,,,,,263
Lodewicus de Rostorp (Rastorp) 269.,Lodewicus,,de Rostorp,Rastorp,,,,,,,,269
Lodouicus (Ludouicus) de Grunenberg 157 260.,Lodouicus,Ludouicus,de Grunenberg,,,,,,,,,157 260
Lodouicus Ciez 254.,Lodouicus,,Ciez,,,,,,,,,254
Lodowicus Piscatoris 269 395.,Lodowicus,,Piscatoris,,,,,,,,,269 395
Lodowikus Monik 395.,Lodowikus,,Monik,,,,,,,,,395
Lophardus de Belen 270.,Lophardus,,de Belen,,,,,,,,,270
Loysius de Prato 354.,Loysius,,de Prato,,,,,,,,,354
Lubbertus Vliegher 343.,Lubbertus,,Vliegher,,,,,,,,,343
Lubertus Rosmyt 263.,Lubertus,,Rosmyt,,,,,,,,,263
Lubertus Schutten 263.,Lubertus,,Schutten,,,,,,,,,263
Lubertus Snauel 263.,Lubertus,,Snauel,,,,,,,,,263
Lucarda dict. Stockern 85.,Lucarda,,,,Stockern,,,,,,,85
Lucas Jacobi 10.,Lucas,,Jacobi,,,,,,,,,10
Lucia 355.,Lucia,,,,,,,,,,,355
Lucia de Kerpen 264.,Lucia,,de Kerpen,,,,,,,,,264
Lucidus diac. card. s. Marie in Cosmedin 264 345.,Lucidus,,,,,,,diac. card. s. Marie in Cosmedin,,,,264 345
Luderus Petri (Petersoen) 190 337.,Luderus,,Petri,Petersoen,,,,,,,,190 337
Luderus Rottorp 264 395.,Luderus,,Rottorp,,,,,,,,,264 395
Luderus Storm 336.,Luderus,,Storm,,,,,,,,,336
Ludeuicus de Battenberg 116.,Ludeuicus,,de Battenberg,,,,,,,,,116
Ludgerus de Bekesette 264.,Ludgerus,,de Bekesette,,,,,,,,,264
Ludolfus (Ludolphus) de Loen 252 265 350.,Ludolfus,Ludolphus,de Loen,,,,,,,,,252 265 350
Ludolfus Sankenstede 266.,Ludolfus,,Sankenstede,,,,,,,,,266
Ludolphus Berghen 156.,Ludolphus,,Berghen,,,,,,,,,156
Ludolphus Braecman 265.,Ludolphus,,Braecman,,,,,,,,,265
Ludolphus Bruwel de Luneborgh 395.,Ludolphus Bruwel,,de Luneborgh,,,,,,,,,395
Ludolphus Corrigiatoris (Corigiatoris) 174 200 391.,Ludolphus,,Corrigiatoris,Corigiatoris,,,,,,,,174 200 391
Ludolphus Cracht 265.,Ludolphus,,Cracht,,,,,,,,,265
Ludolphus de Bachem 264.,Ludolphus,,de Bachem,,,,,,,,,264
Ludolphus de Enen 100.,Ludolphus,,de Enen,,,,,,,,,100
Ludolphus de Herne 12.,Ludolphus,,de Herne,,,,,,,,,12
Ludolphus de Salina 231.,Ludolphus,,de Salina,,,,,,,,,231
Ludolphus de Vterwiick 266.,Ludolphus,,de Vterwiick,,,,,,,,,266
Ludolphus Grunehagen 395.,Ludolphus,,Grunehagen,,,,,,,,,395
Ludolphus Herdricsina 265.,Ludolphus,,Herdricsina,,,,,,,,,265
Ludolphus Hoye 367.,Ludolphus,,Hoye,,,,,,,,,367
Ludolphus Lanchenne 149 393.,Ludolphus,,Lanchenne,,,,,,,,,149 393
Ludolphus Melchaw 265.,Ludolphus,,Melchaw,,,,,,,,,265
Ludolphus Nigenborg 198.,Ludolphus,,Nigenborg,,,,,,,,,198
Ludolphus Palzac (Polzak) 265.,Ludolphus,,Palzac,Polzak,,,,,,,,265
Ludolphus Quirren 265.,Ludolphus,,Quirren,,,,,,,,,265
Ludolphus Robring 266 395.,Ludolphus,,Robring,,,,,,,,,266 395
Ludolphus Wonder 267.,Ludolphus,,Wonder,,,,,,,,,267
Ludouicus (de Bauaria) Rom. rex 26.,Ludouicus,,Rom.,,,,de Bauaria,rex,,,,26
Ludouicus abb. mon. Melic. 224.,Ludouicus,,,,,,,abb.,mon. Melic.,,,224
Ludouicus Babastardo 267.,Ludouicus,,Babastardo,,,,,,,,,267
Ludouicus de Bal(l)ionibus de Perusio 21 267.,Ludouicus,,de Bal(l)ionibus,,,,de Perusio,,,,,21 267
"Ludouicus de Baro, card. diac. s. Adriani, card. presb. tit. ss. Apost., ep. Portuen. 12 21 70 184 371.",Ludouicus,,de Baro,,,,,card. diac. s. Adriani card. presb. tit. ss. Apost. ep. Portuen.,,,,12 21 70 184 371
Ludouicus de Binsforte (Binsfurte) 40 89 242 247 268 296 339 343 355 374.,Ludouicus,,de Binsforte,Binsfurte,,,,,,,,40 89 242 247 268 296 339 343 355 374
Ludouicus de Haracuria 268.,Ludouicus,,de Haracuria,,,,,,,,,268
Ludouicus de Hassia al. dict. Draken 276.,Ludouicus,,de Hassia,,Draken,,,,,,,276
Ludouicus de Luczemburg 268.,Ludouicus,,de Luczemburg,,,,,,,,,268
Ludouicus de Sax 269.,Ludouicus,,de Sax,,,,,,,,,269
Ludouicus dux Bauarie 81 146 267 391.,Ludouicus,,,,,,,dux Bauarie,,,,81 146 267 391
"Ludouicus dux Bauarie, marchio Brandeb. 26.",Ludouicus,,,,,,,dux Bauarie marchio Brandeb.,,,,26
Ludouicus Herlin 268.,Ludouicus,,Herlin,,,,,,,,,268
Ludouicus imp. Roman. et rex Francorum 191.,Ludouicus,,,,,,,imp. Roman. et rex Francorum,,,,191
Ludouicus Johannes Poling 268.,Ludouicus,,Johannes Poling,,,,,,,,,268
Ludouicus Nithart (Neythart) 268 269.,Ludouicus,,Nithart,Neythart,,,,,,,,268 269
Ludouicus patr. Aquil. 24.,Ludouicus,,,,,,,patr. Aquil.,,,,24
Ludouicus Raet 211.,Ludouicus,,Raet,,,,,,,,,211
Ludouicus Sulczer 268 269.,Ludouicus,,Sulczer,,,,,,,,,268 269
Ludouicus Waldecke 296.,Ludouicus,,Waldecke,,,,,,,,,296
Ludowicus de Gerberczoide 390.,Ludowicus,,de Gerberczoide,,,,,,,,,390
Ludowicus de Waltirszhusen 21.,Ludowicus,,de Waltirszhusen,,,,,,,,,21
Ludowikus Redewini 144.,Ludowikus,,Redewini,,,,,,,,,144
Ludwikus Surekenbach 269.,Ludwikus,,Surekenbach,,,,,,,,,269
Ludzisso Weysgerber 285.,Ludzisso,,Weysgerber,,,,,,,,,285
Luinus de Blekere 291.,Luinus,,de Blekere,,,,,,,,,291
Lunardus v. Leonardus.,Lunardus,,,,,,,,,Leonardus,,
"Luphardus Tepoldi (Polt, Depolt) de Benrade 270.",Luphardus Tepoldi,"Polt, Depolt",de Benrade,,,,,,,,,270
Macharius de Hint (Hynt) 252.,Macharius,,de Hint,Hynt,,,,,,,,252
Maczo v. Mazeus.,Maczo,,,,,,,,,Mazeus,,
Magdalena (Peheim de Nuremberga) 314.,Magdalena,,,,,,Peheim de Nuremberga,,,,,314
Magnus ducis Saxonie natus 22 270.,Magnus,,,,,ducis Saxonie natus,,,,,,22 270
Manfredus ep. 270.,Manfredus,,,,,,,ep.,,,,270
Marcus de Rayneriis de Nursia 271.,Marcus,,de Rayneriis,,,,de Nursia,,,,,271
Marcus Gertner de Vmbras 271.,Marcus Gertner,,de Vmbras,,,,,,,,,271
Marcus Huben de Cliuis 271.,Marcus Huben,,de Cliuis,,,,,,,,,271
Marcus Wenceslai dict. Dux 365.,Marcus,,Wenceslai,,Dux,,,,,,,365
Margareta (Bordnik) 284.,Margareta,,,,,,Bordnik,,,,,284
Margareta (de Bortfelde) 148.,Margareta,,,,,,de Bortfelde,,,,,148
Margareta (de Burgundia) ducissa Ba- uarie 14 31 271.,Margareta,,,,,,de Burgundia,ducissa Bauarie,,,,14 31 271
Margareta (de Keppel) 169.,Margareta,,,,,,de Keppel,,,,,169
Margareta (de Loen) 221.,Margareta,,,,,,de Loen,,,,,221
Margareta (Gustarie) 106.,Margareta,,,,,,Gustarie,,,,,106
Margareta (Hesse de Brega) 287.,Margareta,,,,,,Hesse de Brega,,,,,287
Margareta (Payrs de Traminna) 160.,Margareta,,,,,,Payrs de Traminna,,,,,160
Margareta (principissa de Opol) 69.,Margareta,,,,,,principissa de Opol,,,,,69
Margareta (Roslow) 316.,Margareta,,,,,,Roslow,,,,,316
Margareta (Troyani de Grabow) 294.,Margareta,,,,,,Troyani de Grabow,,,,,294
Margareta Conczonis de Falkenberg 67.,Margareta Conczonis,,de Falkenberg,,,,,,,,,67
Margareta de Lansberg 272.,Margareta,,de Lansberg,,,,,,,,,272
Margareta de Roperg 272.,Margareta,,de Roperg,,,,,,,,,272
Margareta ducissa Brunswick. 64.,Margareta,,,,,,,ducissa Brunswick.,,,,64
Margareta Herin 271.,Margareta,,Herin,,,,,,,,,271
Margareta Johannis 47.,Margareta,,Johannis,,,,,,,,,47
Margareta priorissa mon. in Marienolt 144.,Margareta,,,,,,,priorissa,mon. in Marienolt,,,144
Margareta regina Dacie 190 336.,Margareta,,,,,,,regina Dacie,,,,190 336
Margareta Reynardi Teltitz 345.,Margareta,,Reynardi Teltitz,,,,,,,,,345
Margareta Roederin 272.,Margareta,,Roederin,,,,,,,,,272
Margareta Welkerinne de Legenitz 272.,Margareta Welkerinne,,de Legenitz,,,,,,,,,272
Margaretha (com. de Nassaw) 38.,Margaretha,,,,,,com. de Nassaw,,,,,38
Margaretha (ducissa Slesie) 81.,Margaretha,,,,,,ducissa Slesie,,,,,81
Margaretha (Konig) 150.,Margaretha,,,,,,Konig,,,,,150
Margaretha (Wentorp) 351.,Margaretha,,,,,,Wentorp,,,,,351
Margaretha de Marka al. de Arberg 99 272.,Margaretha,,de Marka,,de Arberg,,,,,,,99 272
Margaretha relictæ Jacobi Stoll 285.,Margaretha,,,,,relictæ Jacobi Stoll,,,,,,285
Margarita Fyderin 275.,Margarita,,Fyderin,,,,,,,,,275
Maria (de Marka) 109.,Maria,,,,,,de Marka,,,,,109
Maria (Dienamy) 205.,Maria,,,,,,Dienamy,,,,,205
Maria de Erkel 206.,Maria,,de Erkel,,,,,,,,,206
Maria de Louendeghem 188.,Maria,,de Louendeghem,,,,,,,,,188
Maria Jacobi 371.,Maria,,Jacobi,,,,,,,,,371
Marquardus (Marcardus) 190 203.,Marquardus,Marcardus,,,,,,,,,,190 203
Marquardus Birkmeyer 230.,Marquardus,,Birkmeyer,,,,,,,,,230
Marquardus Brasthen 83.,Marquardus,,Brasthen,,,,,,,,,83
Marquardus Breyde 337.,Marquardus,,Breyde,,,,,,,,,337
Marquardus Curcz 304.,Marquardus,,Curcz,,,,,,,,,304
Marquardus de Augusta 75.,Marquardus,,de Augusta,,,,,,,,,75
Marquardus de Damen 83.,Marquardus,,de Damen,,,,,,,,,83
Marquardus de Milen 272.,Marquardus,,de Milen,,,,,,,,,272
Marquardus Donestake 272.,Marquardus,,Donestake,,,,,,,,,272
Marquardus ep. Const. 327 329 362.,Marquardus,,,,,,,ep. Const.,,,,327 329 362
Marquardus patr. Aquil. 24.,Marquardus,,,,,,,patr. Aquil.,,,,24
Marquardus Rennow (Rynow) 190 337.,Marquardus,,Rennow,Rynow,,,,,,,,190 337
Marquardus Roeter 273.,Marquardus,,Roeter,,,,,,,,,273
Marquardus Treperger 273.,Marquardus,,Treperger,,,,,,,,,273
Marquardus Woleri 323.,Marquardus,,Woleri,,,,,,,,,323
Marthietta Teobaldi de Sanctodesiderio 273.,Marthietta Teobaldi,,de Sanctodesiderio,,,,,,,,,273
Martinus (Mathias) de Waldremuga 87.,Martinus,Mathias,de Waldremuga,,,,,,,,,87
Martinus 359.,Martinus,,,,,,,,,,,359
Martinus Bussler 174.,Martinus,,Bussler,,,,,,,,,174
Martinus Chranfuzz 213.,Martinus,,Chranfuzz,,,,,,,,,213
Martinus de Kere 273.,Martinus,,de Kere,,,,,,,,,273
Martinus de Mutschow (Mutschow) 274.,Martinus,,de Mutschow,Mutschow,,,,,,,,274
Martinus de Wetze(de) 253.,Martinus,,de Wetze(de),,,,,,,,,253
Martinus dict. Czicorka 273.,Martinus,,,,Czicorka,,,,,,,273
Martinus Gunthemer (Guntheimer) 287 397.,Martinus,,Gunthemer,Guntheimer,,,,,,,,287 397
Martinus Gur de Franckfordia 273.,Martinus Gur,,de Franckfordia,,,,,,,,,273
Martinus Haller de Nurimberga 274.,Martinus Haller,,de Nurimberga,,,,,,,,,274
Martinus Johannis de Goslina 396.,Martinus Johannis,,de Goslina,,,,,,,,,396
Martinus Lusiner 274.,Martinus,,Lusiner,,,,,,,,,274
Martinus Nicolai Jastrabech 43.,Martinus,,Nicolai Jastrabech,,,,,,,,,43
Martinus Pirker 274.,Martinus,,Pirker,,,,,,,,,274
Martinus prep. eccl. s. Nicolai e. m. Patav. 213.,Martinus,,,,,,,prep.,eccl. s. Nicolai e. m. Patav.,,,213
Martinus Pulcri 274.,Martinus,,Pulcri,,,,,,,,,274
Martinus Rayrter 22.,Martinus,,Rayrter,,,,,,,,,22
Martinus Scherinfuchter 352.,Martinus,,Scherinfuchter,,,,,,,,,352
Martinus Truszesz 275.,Martinus,,Truszesz,,,,,,,,,275
Martinus Willer 275.,Martinus,,Willer,,,,,,,,,275
Martinus Wonslant de Rosenheim 275.,Martinus Wonslant,,de Rosenheim,,,,,,,,,275
Maternus Papaw 125.,Maternus,,Papaw,,,,,,,,,125
Maternus Wasserfurer 240.,Maternus,,Wasserfurer,,,,,,,,,240
Maternus Ysold 90.,Maternus,,Ysold,,,,,,,,,90
"Matheus Barucii (Barutii, Barducii) 87 88 121 151 185 232 255 269 283 295 358.",Matheus,,Barucii,"Barutii, Barducii",,,,,,,,87 88 121 151 185 232 255 269 283 295 358
Matheus de Bononia 352.,Matheus,,de Bononia,,,,,,,,,352
Matheus de Cruce 108.,Matheus,,de Cruce,,,,,,,,,108
Matheus de Harem 176.,Matheus,,de Harem,,,,,,,,,176
Matheus de Redekin 275.,Matheus,,de Redekin,,,,,,,,,275
Matheus de Sanctoluciano 275.,Matheus,,de Sanctoluciano,,,,,,,,,275
Matheus ep. Placentin. 114.,Matheus,,,,,,,ep. Placentin.,,,,114
Matheus Getzner 275.,Matheus,,Getzner,,,,,,,,,275
Mathias (Martinus) de Waldremuga 87.,Mathias,Martinus,de Waldremuga,,,,,,,,,87
Mathias de Hoenberg 65.,Mathias,,de Hoenberg,,,,,,,,,65
Mathias de Strelin (Strelain) 276.,Mathias,,de Strelin,Strelain,,,,,,,,276
Mathias de Walse 123.,Mathias,,de Walse,,,,,,,,,123
Mathias Friderici 260.,Mathias,,Friderici,,,,,,,,,260
Mathias Nicolai de Berkenkreschem (Berkencreczen) 289 353.,Mathias Nicolai,,de Berkenkreschem,Berkencreczen,,,,,,,,289 353
Mathias Regelhouer 275.,Mathias,,Regelhouer,,,,,,,,,275
Mathias Smyt 324.,Mathias,,Smyt,,,,,,,,,324
Mathias Spengler 276.,Mathias,,Spengler,,,,,,,,,276
Mathias Strowicz 240.,Mathias,,Strowicz,,,,,,,,,240
Mathias Suem 323.,Mathias,,Suem,,,,,,,,,323
Mathias Veltini 151 276.,Mathias,,Veltini,,,,,,,,,151 276
Mathias Vos 207.,Mathias,,Vos,,,,,,,,,207
Mathias Wincken 148.,Mathias,,Wincken,,,,,,,,,148
Mathildis abbat. eccl. Herisien. 37.,Mathildis,,,,,,,abbat.,eccl. Herisien.,,,37
Mathildis seu Mechtildis (com. de Wertheim) 253.,Mathildis,,,,Mechtildis (com. de Wertheim),,,,,,,253
Mathusius de Sternberg al. de Lucaw 50.,Mathusius,,de Sternberg,,de Lucaw,,,,,,,50
Mauritius de Monaco 277.,Mauritius,,de Monaco,,,,,,,,,277
Mauritius Weltzer 277.,Mauritius,,Weltzer,,,,,,,,,277
Mazeus (Maczo) de Lamberto (Lamberthis) de Neapoli 22 49 51 82 173 277 282.,Mazeus,Maczo,de Lamberto,Lamberthis,,,de Neapoli,,,,,22 49 51 82 173 277 282
Melchior Opyn 277.,Melchior,,Opyn,,,,,,,,,277
Menso de Bekehusen 15 345.,Menso,,de Bekehusen,,,,,,,,,15 345
Menso de Berkhusen 105.,Menso,,de Berkhusen,,,,,,,,,105
Menso de Hengelo 277.,Menso,,de Hengelo,,,,,,,,,277
Mento Waltheri 390.,Mento,,Waltheri,,,,,,,,,390
Metcze Sindern 312.,Metcze,,Sindern,,,,,,,,,312
Metza relicta Johannis de Spanem 278.,Metza,,,,,relicta Johannis de Spanem,,,,,,278
Meynardus (Meynhardus) Fabri 111.,Meynardus,Meynhardus,Fabri,,,,,,,,,111
Meynardus Cruckenberch 23.,Meynardus,,Cruckenberch,,,,,,,,,23
Meynhardus Bornstede 396.,Meynhardus,,Bornstede,,,,,,,,,396
Michael Crebis 282.,Michael,,Crebis,,,,,,,,,282
Michael Czolner 278.,Michael,,Czolner,,,,,,,,,278
Michael de Crainburga 278.,Michael,,de Crainburga,,,,,,,,,278
Michael de Paho 394.,Michael,,de Paho,,,,,,,,,394
Michael de Richenhallis 129.,Michael,,de Richenhallis,,,,,,,,,129
Michael de Strasoldo 279.,Michael,,de Strasoldo,,,,,,,,,279
Michael de Wertheim 279.,Michael,,de Wertheim,,,,,,,,,279
Michael de Weydesprunn 365.,Michael,,de Weydesprunn,,,,,,,,,365
Michael Falkonis 278.,Michael,,Falkonis,,,,,,,,,278
Michael Fudernyembt 278.,Michael,,Fudernyembt,,,,,,,,,278
Michael Kuchenmeister (Kachemeister) 278 369.,Michael,,Kuchenmeister,Kachemeister,,,,,,,,278 369
Michael Mulconis de Hernstad 279.,Michael Mulconis,,de Hernstad,,,,,,,,,279
Michael Perngeer al. Gogel 129 279.,Michael,,Perngeer,,Gogel,,,,,,,129 279
Michael Wegener de Cosueldia 279.,Michael Wegener,,de Cosueldia,,,,,,,,,279
Milich de Anicicz (?) 245.,Milich,,de Anicicz,,,,?,,,,,245
Miroslaus Miroslai de Cobilino 282.,Miroslaus Miroslai,,de Cobilino,,,,,,,,,282
Morini 280.,Morini,,,,,,,,,,,280
Munacus 280.,Munacus,,,,,,,,,,,280
Nauogius Johannis de Thauczin 338.,Nauogius Johannis,,de Thauczin,,,,,,,,,338
Nesa (Bruwer) 38.,Nesa,,,,,,Bruwer,,,,,38
Nesa (Ewaldi de Hattenbach) 335.,Nesa,,,,,,Ewaldi de Hattenbach,,,,,335
Nesa de Stouffenberg 280.,Nesa,,de Stouffenberg,,,,,,,,,280
Nesa Wynters 280.,Nesa,,Wynters,,,,,,,,,280
Nickel Forster der Junger 111.,Nickel,,Forster der Junger,,,,,,,,,111
Nicolaus (subcollect. Poznan.) 293.,Nicolaus,,,,,,subcollect. Poznan.,,,,,293
Nicolaus 290 338.,Nicolaus,,,,,,,,,,,290 338
Nicolaus abb. mon. b. Marie in Arena e. m. Wratisl. 185.,Nicolaus,,,,,,,abb.,mon. b. Marie in Arena e. m. Wratisl.,,,185
Nicolaus abb. mon. Floreffien. 77.,Nicolaus,,,,,,,abb.,mon. Floreffien.,,,77
Nicolaus abb. mon. in Grissaw 281.,Nicolaus,,,,,,,abb.,mon. in Grissaw,,,281
Nicolaus abb. mon. in Henrichow 282.,Nicolaus,,,,,,,abb.,mon. in Henrichow,,,282
Nicolaus abb. mon. in Porta 81 281.,Nicolaus,,,,,,,abb.,mon. in Porta,,,81 281
Nicolaus abb. mon. in Wolkenderode 81.,Nicolaus,,,,,,,abb.,mon. in Wolkenderode,,,81
Nicolaus abb. mon. Obernburgh 24 125 170 321.,Nicolaus,,,,,,,abb.,mon. Obernburgh,,,24 125 170 321
Nicolaus abb. mon. Windberg. 401.,Nicolaus,,,,,,,abb.,mon. Windberg.,,,401
Nicolaus Aduocati 282.,Nicolaus,,Aduocati,,,,,,,,,282
Nicolaus Aduocati de Houelsteyn 391.,Nicolaus Aduocati,,de Houelsteyn,,,,,,,,,391
Nicolaus aep. Gnezn. resp. ep. Halicien. 37 222 281 289.,Nicolaus,,,,,,,aep. Gnezn. resp. ep. Halicien.,,,,37 222 281 289
Nicolaus Alberti al. Pruska 282.,Nicolaus,,Alberti,,Pruska,,,,,,,282
Nicolaus Amman 283.,Nicolaus,,Amman,,,,,,,,,283
Nicolaus Andree de Praga 366.,Nicolaus Andree,,de Praga,,,,,,,,,366
Nicolaus Baes 291.,Nicolaus,,Baes,,,,,,,,,291
Nicolaus Becker 296.,Nicolaus,,Becker,,,,,,,,,296
Nicolaus Benuenuti 283 356.,Nicolaus,,Benuenuti,,,,,,,,,283 356
Nicolaus Biset 185.,Nicolaus,,Biset,,,,,,,,,185
Nicolaus Bissing 89.,Nicolaus,,Bissing,,,,,,,,,89
Nicolaus Bock 236.,Nicolaus,,Bock,,,,,,,,,236
Nicolaus Boeckholt 283.,Nicolaus,,Boeckholt,,,,,,,,,283
Nicolaus Bogulphali de Glambicza (Glamboczecz) 283.,Nicolaus Bogulphali,,de Glambicza,Glamboczecz,,,,,,,,283
Nicolaus Boler de Luczemborch 283.,Nicolaus Boler,,de Luczemborch,,,,,,,,,283
Nicolaus Bonihominis 283.,Nicolaus,,Bonihominis,,,,,,,,,283
Nicolaus Bordnik 284.,Nicolaus,,Bordnik,,,,,,,,,284
Nicolaus Briczik 284.,Nicolaus,,Briczik,,,,,,,,,284
Nicolaus Carnificis de Gruswang 284.,Nicolaus Carnificis,,de Gruswang,,,,,,,,,284
Nicolaus Chaigny (Chagny) 259.,Nicolaus,,Chaigny,Chagny,,,,,,,,259
Nicolaus Claubus 284.,Nicolaus,,Claubus,,,,,,,,,284
Nicolaus Clyma 391 396.,Nicolaus,,Clyma,,,,,,,,,391 396
Nicolaus Colle 397.,Nicolaus,,Colle,,,,,,,,,397
Nicolaus Coppersleger 296.,Nicolaus,,Coppersleger,,,,,,,,,296
Nicolaus Corning de Reymerswole et Lodiick 133.,Nicolaus Corning,,de Reymerswole et Lodiick,,,,,,,,,133
Nicolaus Crug(h)er 175 349 400.,Nicolaus,,Crug(h)er,,,,,,,,,175 349 400
Nicolaus Cruse 285 346.,Nicolaus,,Cruse,,,,,,,,,285 346
Nicolaus Czipsar 285.,Nicolaus,,Czipsar,,,,,,,,,285
Nicolaus Danielis 285.,Nicolaus,,Danielis,,,,,,,,,285
Nicolaus de Altronandis 180.,Nicolaus,,de Altronandis,,,,,,,,,180
Nicolaus de Atrio 283.,Nicolaus,,de Atrio,,,,,,,,,283
Nicolaus de Campo al. de Langfort 284.,Nicolaus,,de Campo,,de Langfort,,,,,,,284
Nicolaus de Cassia 25.,Nicolaus,,de Cassia,,,,,,,,,25
Nicolaus de Checeleua 284.,Nicolaus,,de Checeleua,,,,,,,,,284
Nicolaus de Cile 284.,Nicolaus,,de Cile,,,,,,,,,284
Nicolaus de Dachenstein 285.,Nicolaus,,de Dachenstein,,,,,,,,,285
Nicolaus de Francfordia 352.,Nicolaus,,de Francfordia,,,,,,,,,352
Nicolaus de Gamundia 23.,Nicolaus,,de Gamundia,,,,,,,,,23
Nicolaus de Glariosis 286.,Nicolaus,,de Glariosis,,,,,,,,,286
"Nicolaus de Heynitz (Heynich, Heymele) 176 287.",Nicolaus,,de Heynitz,"Heynich, Heymele",,,,,,,,176 287
Nicolaus de Insula 7 8 55 66 201 256.,Nicolaus,,de Insula,,,,,,,,,7 8 55 66 201 256
Nicolaus de Kyk 43.,Nicolaus,,de Kyk,,,,,,,,,43
Nicolaus de Lanczkrone 211.,Nicolaus,,de Lanczkrone,,,,,,,,,211
Nicolaus de Landesperk al. Hacker 68.,Nicolaus,,de Landesperk,,Hacker,,,,,,,68
Nicolaus de Luterbach 288.,Nicolaus,,de Luterbach,,,,,,,,,288
Nicolaus de Myclussschonitze 289.,Nicolaus,,de Myclussschonitze,,,,,,,,,289
Nicolaus de Pistorio 192 238 290.,Nicolaus,,de Pistorio,,,,,,,,,192 238 290
Nicolaus de Prussia Theutonicus 211 212.,Nicolaus,,de Prussia Theutonicus,,,,,,,,,211 212
Nicolaus de Recchenberch 292.,Nicolaus,,de Recchenberch,,,,,,,,,292
Nicolaus de Robertis 209.,Nicolaus,,de Robertis,,,,,,,,,209
Nicolaus de Senging 397.,Nicolaus,,de Senging,,,,,,,,,397
Nicolaus de Sottrum 293.,Nicolaus,,de Sottrum,,,,,,,,,293
Nicolaus de Spinallo 229.,Nicolaus,,de Spinallo,,,,,,,,,229
Nicolaus de Stechow 293.,Nicolaus,,de Stechow,,,,,,,,,293
Nicolaus de Thuringia 294.,Nicolaus,,de Thuringia,,,,,,,,,294
Nicolaus de Zomerden (Somerden) 276 277.,Nicolaus,,de Zomerden,Somerden,,,,,,,,276 277
Nicolaus dec. eccl. s. Jacobi e. m. Bamberg. 123.,Nicolaus,,,,,,,dec.,eccl. s. Jacobi e. m. Bamberg.,,,123
Nicolaus dict. de Pest 258.,Nicolaus,,,,de Pest,,,,,,,258
Nicolaus dict. Nothaft 87.,Nicolaus,,,,Nothaft,,,,,,,87
Nicolaus Doleatoris al. Clawentin 195 288.,Nicolaus,,Doleatoris,,Clawentin,,,,,,,195 288
Nicolaus Dynsella 319.,Nicolaus,,Dynsella,,,,,,,,,319
Nicolaus Eberhardi 386 394.,Nicolaus,,Eberhardi,,,,,,,,,386 394
Nicolaus Eghardi 345.,Nicolaus,,Eghardi,,,,,,,,,345
Nicolaus Engelstad 135.,Nicolaus,,Engelstad,,,,,,,,,135
Nicolaus ep. Camin. 8 22 144 271.,Nicolaus,,,,,,,ep. Camin.,,,,8 22 144 271
Nicolaus ep. Missanen. 195.,Nicolaus,,,,,,,ep. Missanen.,,,,195
Nicolaus ep. Sevastopol. 281.,Nicolaus,,,,,,,ep. Sevastopol.,,,,281
Nicolaus ep. Yponen. 281.,Nicolaus,,,,,,,ep. Yponen.,,,,281
Nicolaus Erlstaw (Elstrow) 80 112 285.,Nicolaus,,Erlstaw,Elstrow,,,,,,,,80 112 285
Nicolaus Fabri 285.,Nicolaus,,Fabri,,,,,,,,,285
Nicolaus Falkenberg (Falkinberg) 164 286.,Nicolaus,,Falkenberg,Falkinberg,,,,,,,,164 286
Nicolaus Fraen 133.,Nicolaus,,Fraen,,,,,,,,,133
Nicolaus Franc Illuminatoris 286.,Nicolaus,,Franc Illuminatoris,,,,,,,,,286
Nicolaus Frederici de Alsencz (Alsentzia) 286; cf. Clemens de A.,Nicolaus Frederici,,de Alsencz,Alsentzia,,,,,,,Clemens de A,286
Nicolaus Freytag de Egra 286.,Nicolaus Freytag,,de Egra,,,,,,,,,286
Nicolaus Frichtzn (Frizsc) 208.,Nicolaus,,Frichtzn,Frizsc,,,,,,,,208
Nicolaus Gerstungen 149.,Nicolaus,,Gerstungen,,,,,,,,,149
Nicolaus Girlaci 397.,Nicolaus,,Girlaci,,,,,,,,,397
"Nicolaus Gliwitz (Glywitz, Gleywytz) 282 286.",Nicolaus,,Gliwitz,"Glywitz, Gleywytz",,,,,,,,282 286
Nicolaus Glogowen 387.,Nicolaus,,Glogowen,,,,,,,,,387
Nicolaus Glotz 286.,Nicolaus,,Glotz,,,,,,,,,286
Nicolaus Grope (Groppe) 286.,Nicolaus,,Grope,Groppe,,,,,,,,286
Nicolaus Grundeman 158.,Nicolaus,,Grundeman,,,,,,,,,158
Nicolaus Grunenhaghen 287.,Nicolaus,,Grunenhaghen,,,,,,,,,287
Nicolaus Haderler 207.,Nicolaus,,Haderler,,,,,,,,,207
Nicolaus Hahenstat 177.,Nicolaus,,Hahenstat,,,,,,,,,177
Nicolaus Haugenreuter 260.,Nicolaus,,Haugenreuter,,,,,,,,,260
Nicolaus Hemmerle al. Nyemansfrunt 287.,Nicolaus,,Hemmerle,,Nyemansfrunt,,,,,,,287
Nicolaus Henrici al. dict. Schilchin (Schibchin) de Cruczenaco 287 397.,Nicolaus Henrici,,de Cruczenaco,,Schilchin (Schibchin),,,,,,,287 397
Nicolaus Henrici dict. Seldenhorn al. Ziegler 287.,Nicolaus,,Henrici,,Seldenhorn; Ziegler,,,,,,,287
Nicolaus Herthlini 287.,Nicolaus,,Herthlini,,,,,,,,,287
Nicolaus Hertler 287.,Nicolaus,,Hertler,,,,,,,,,287
Nicolaus Hesse de Brega 287.,Nicolaus Hesse,,de Brega,,,,,,,,,287
Nicolaus Hirsberg al. Schrudan 282.,Nicolaus,,Hirsberg,,Schrudan,,,,,,,282
Nicolaus Hofman (Hofeman) 288.,Nicolaus,,Hofman,Hofeman,,,,,,,,288
Nicolaus Huge (Hughe[n]) 103 248 288 292 372.,Nicolaus,,Huge,Hughe[n],,,,,,,,103 248 288 292 372
Nicolaus Hulmayr 222.,Nicolaus,,Hulmayr,,,,,,,,,222
Nicolaus Jacobi de Nouaciuitate Corczin 397.,Nicolaus Jacobi,,de Nouaciuitate Corczin,,,,,,,,,397
Nicolaus Johannis de Lubana 288.,Nicolaus Johannis,,de Lubana,,,,,,,,,288
Nicolaus Kaibli 284.,Nicolaus,,Kaibli,,,,,,,,,284
Nicolaus Kemnater 109.,Nicolaus,,Kemnater,,,,,,,,,109
Nicolaus Keyser de Legenitz 284.,Nicolaus Keyser,,de Legenitz,,,,,,,,,284
Nicolaus Kosslig (Kesslig) 284.,Nicolaus,,Kosslig,Kesslig,,,,,,,,284
Nicolaus Kyemayr 238.,Nicolaus,,Kyemayr,,,,,,,,,238
Nicolaus Laurentii 373.,Nicolaus,,Laurentii,,,,,,,,,373
Nicolaus Lemmol 288.,Nicolaus,,Lemmol,,,,,,,,,288
Nicolaus Leve 396.,Nicolaus,,Leve,,,,,,,,,396
"Nicolaus Lubich, ep. Merseb. 154 288 297 355.",Nicolaus,,Lubich,,,,,ep. Merseb.,,,,154 288 297 355
Nicolaus Luderi 231.,Nicolaus,,Luderi,,,,,,,,,231
Nicolaus marchio Crotonii 63 285.,Nicolaus,,,,,,,marchio Crotonii,,,,63 285
"Nicolaus Mariscalli (Mareschal, Marschalk) 288.",Nicolaus,,Mariscalli,"Mareschal, Marschalk",,,,,,,,288
Nicolaus Martini 288.,Nicolaus,,Martini,,,,,,,,,288
Nicolaus Meyer 101.,Nicolaus,,Meyer,,,,,,,,,101
Nicolaus Mirzonis 397.,Nicolaus,,Mirzonis,,,,,,,,,397
Nicolaus Mokke 121.,Nicolaus,,Mokke,,,,,,,,,121
Nicolaus Molitoris 215.,Nicolaus,,Molitoris,,,,,,,,,215
Nicolaus Monczer 296.,Nicolaus,,Monczer,,,,,,,,,296
Nicolaus Monsterberg 23.,Nicolaus,,Monsterberg,,,,,,,,,23
Nicolaus Mros (Mroz) 276 318.,Nicolaus,,Mros,Mroz,,,,,,,,276 318
Nicolaus Mygeri de Antiqualameren 289.,Nicolaus Mygeri,,de Antiqualameren,,,,,,,,,289
Nicolaus Nicolai 289.,Nicolaus,,Nicolai,,,,,,,,,289
Nicolaus Nicolai de Banchow 289.,Nicolaus Nicolai,,de Banchow,,,,,,,,,289
Nicolaus Nicolai de Bolaslauia 289.,Nicolaus Nicolai,,de Bolaslauia,,,,,,,,,289
Nicolaus Nicolai de Schoneborn 290.,Nicolaus Nicolai,,de Schoneborn,,,,,,,,,290
Nicolaus Niessel 123 316.,Nicolaus,,Niessel,,,,,,,,,123 316
Nicolaus Odilienhenselin de Bossendorff 290.,Nicolaus Odilienhenselin,,de Bossendorff,,,,,,,,,290
Nicolaus Ortolfi de Stainpruck 290.,Nicolaus Ortolfi,,de Stainpruck,,,,,,,,,290
Nicolaus Ottonis com. in Delmenhorst 290.,Nicolaus,,Ottonis,,,,,com. in Delmenhorst,,,,290
Nicolaus patr. Aquil. 24.,Nicolaus,,,,,,,patr. Aquil.,,,,24
Nicolaus Pawmkircher 290.,Nicolaus,,Pawmkircher,,,,,,,,,290
Nicolaus Petri 290.,Nicolaus,,Petri,,,,,,,,,290
Nicolaus Pfluger 282.,Nicolaus,,Pfluger,,,,,,,,,282
Nicolaus Philippi 198.,Nicolaus,,Philippi,,,,,,,,,198
Nicolaus Plonekchel (Plenekchel) 291.,Nicolaus,,Plonekchel,Plenekchel,,,,,,,,291
Nicolaus Ploszewskii 396.,Nicolaus,,Ploszewskii,,,,,,,,,396
Nicolaus Podstolicz (Podstolice) al. Muzwa 183 401.,Nicolaus,,Podstolicz,Podstolice,Muzwa,,,,,,,183 401
Nicolaus Pomer 273.,Nicolaus,,Pomer,,,,,,,,,273
Nicolaus Poppe 291.,Nicolaus,,Poppe,,,,,,,,,291
Nicolaus Pozeniker 110.,Nicolaus,,Pozeniker,,,,,,,,,110
Nicolaus Puchinconis 364.,Nicolaus,,Puchinconis,,,,,,,,,364
Nicolaus Puczka 322.,Nicolaus,,Puczka,,,,,,,,,322
Nicolaus Quasschennia 291.,Nicolaus,,Quasschennia,,,,,,,,,291
Nicolaus Raebli al. Wisling 291.,Nicolaus,,Raebli,,Wisling,,,,,,,291
Nicolaus Rambouw 235.,Nicolaus,,Rambouw,,,,,,,,,235
Nicolaus Rasoris de Leybing 291.,Nicolaus Rasoris,,de Leybing,,,,,,,,,291
Nicolaus Rauen 337.,Nicolaus,,Rauen,,,,,,,,,337
Nicolaus Regneri de Bolthorn 320.,Nicolaus Regneri,,de Bolthorn,,,,,,,,,320
Nicolaus Rempel 292.,Nicolaus,,Rempel,,,,,,,,,292
Nicolaus Reuchlin 256 292.,Nicolaus,,Reuchlin,,,,,,,,,256 292
Nicolaus Ritter 292.,Nicolaus,,Ritter,,,,,,,,,292
Nicolaus Rochk 211.,Nicolaus,,Rochk,,,,,,,,,211
Nicolaus Roderde 292.,Nicolaus,,Roderde,,,,,,,,,292
Nicolaus Rot 292.,Nicolaus,,Rot,,,,,,,,,292
Nicolaus Rubinger 292.,Nicolaus,,Rubinger,,,,,,,,,292
Nicolaus Rugeman 292.,Nicolaus,,Rugeman,,,,,,,,,292
Nicolaus Sachow 396.,Nicolaus,,Sachow,,,,,,,,,396
Nicolaus Sameland de Nebraw 293.,Nicolaus Sameland,,de Nebraw,,,,,,,,,293
Nicolaus Sassini 200.,Nicolaus,,Sassini,,,,,,,,,200
Nicolaus Schelsner 293.,Nicolaus,,Schelsner,,,,,,,,,293
Nicolaus Schillingsdorff 293.,Nicolaus,,Schillingsdorff,,,,,,,,,293
Nicolaus Schonsee 293.,Nicolaus,,Schonsee,,,,,,,,,293
Nicolaus Sculer 293.,Nicolaus,,Sculer,,,,,,,,,293
Nicolaus Scutten 226.,Nicolaus,,Scutten,,,,,,,,,226
Nicolaus Senicz al. dict. Magnus 295.,Nicolaus,,Senicz,,Magnus,,,,,,,295
Nicolaus Slegel 293.,Nicolaus,,Slegel,,,,,,,,,293
Nicolaus Slendorff 293.,Nicolaus,,Slendorff,,,,,,,,,293
Nicolaus Stamphel 18.,Nicolaus,,Stamphel,,,,,,,,,18
Nicolaus Stenkeler (Steynkeler) 289 294.,Nicolaus,,Stenkeler,Steynkeler,,,,,,,,289 294
Nicolaus Stephani de Alsentz 61.,Nicolaus Stephani,,de Alsentz,,,,,,,,,61
"Nicolaus Straszburg (Strasz barg, Strosberg, Strosz barg, Strosbergi) 46 134 243 244 294.",Nicolaus,,Straszburg,"Strasz barg, Strosberg, Strosz barg, Strosbergi",,,,,,,,46 134 243 244 294
Nicolaus Strzeskonis 47.,Nicolaus,,Strzeskonis,,,,,,,,,47
Nicolaus Surgenurye 282.,Nicolaus,,Surgenurye,,,,,,,,,282
Nicolaus Syuelbicz de Warzingaw 293.,Nicolaus Syuelbicz,,de Warzingaw,,,,,,,,,293
Nicolaus Theoderici 294.,Nicolaus,,Theoderici,,,,,,,,,294
Nicolaus Theoderici de Blankenstein 294.,Nicolaus Theoderici,,de Blankenstein,,,,,,,,,294
Nicolaus Thirman 27.,Nicolaus,,Thirman,,,,,,,,,27
Nicolaus Thome de Kezina 294.,Nicolaus Thome,,de Kezina,,,,,,,,,294
Nicolaus Tigler 294.,Nicolaus,,Tigler,,,,,,,,,294
Nicolaus Trautmanstorff (Trawtmans-torf) 293.,Nicolaus,,Trautmanstorff,Trawtmanstorf,,,,,,,,293
Nicolaus Troyani de Grabow 294.,Nicolaus Troyani,,de Grabow,,,,,,,,,294
Nicolaus Truckner 96.,Nicolaus,,Truckner,,,,,,,,,96
Nicolaus Vasatoris de Theonisuilla 283.,Nicolaus Vasatoris,,de Theonisuilla,,,,,,,,,283
Nicolaus Vegle et Senie com. 294.,Nicolaus,,Vegle et Senie,,,,,com.,,,,294
Nicolaus Vesperen 294.,Nicolaus,,Vesperen,,,,,,,,,294
Nicolaus Volrat 294.,Nicolaus,,Volrat,,,,,,,,,294
Nicolaus Vordis 294.,Nicolaus,,Vordis,,,,,,,,,294
Nicolaus Wenck 295.,Nicolaus,,Wenck,,,,,,,,,295
Nicolaus Weykman 295.,Nicolaus,,Weykman,,,,,,,,,295
Nicolaus Wiltberg 295.,Nicolaus,,Wiltberg,,,,,,,,,295
Nicolaus Wonder 275.,Nicolaus,,Wonder,,,,,,,,,275
Nicolaus Worchman 296.,Nicolaus,,Worchman,,,,,,,,,296
Nicolaus Ysfridi 220.,Nicolaus,,Ysfridi,,,,,,,,,220
Oda Waets 297.,Oda,,Waets,,,,,,,,,297
"Oddo diac. card. s. Georgii ad Velum Aureum, de Columpna 5 20 24 28 48 76 170 225 229 298 351 355.",Oddo,,,,,,,diac. card. s. Georgii ad Velum Aureum de Columpna,,,,5 20 24 28 48 76 170 225 229 298 351 355
Odelia (de Metry) 183.,Odelia,,,,,,de Metry,,,,,183
Offka Semoniti ducis Masouie 69.,Offka,,Semoniti,,,,,ducis Masouie,,,,69
Olaus Olai 254 391.,Olaus,,Olai,,,,,,,,,254 391
Ortillinus Plusk 297.,Ortillinus,,Plusk,,,,,,,,,297
"Ortolinus (Ortelinus, Oertelinus) Manse (Mause, Manose) 150 202 209.",Ortolinus,"Ortelinus, Oertelinus",Manse,"Mause, Manose",,,,,,,,150 202 209
Ortwinus 27.,Ortwinus,,,,,,,,,,,27
Ortwinus abb. mon. in Kempnicz 297.,Ortwinus,,,,,,,abb.,mon. in Kempnicz,,,297
Ortwinus de Selgenstad 224.,Ortwinus,,de Selgenstad,,,,,,,,,224
Oswaldus 297.,Oswaldus,,,,,,,,,,,297
Oswaldus de Mengersrewt 298.,Oswaldus,,de Mengersrewt,,,,,,,,,298
Oswaldus Eberstayner 339.,Oswaldus,,Eberstayner,,,,,,,,,339
"Othmarus Lutkircher (Lukircher, Luck-recher) 84 298.",Othmarus,,Lutkircher,"Lukircher, Luckrecher",,,,,,,,84 298
"Otto (Odo) de Hachperg (Hochperg, Hoechpergk), ep. Const. 38 114 165 299 389.",Otto,Odo,de Hachperg,"Hochperg, Hoechpergk",,,,ep. Const.,,,,38 114 165 299 389
Otto Amelii 373.,Otto,,Amelii,,,,,,,,,373
Otto bar. de Meissaw 301.,Otto,,,,,,,bar. de Meissaw,,,,301
Otto Berwolf 100.,Otto,,Berwolf,,,,,,,,,100
Otto com. in Hallermunt 376.,Otto,,,,,,,com. in Hallermunt,,,,376
Otto de Bulfeshem 299.,Otto,,de Bulfeshem,,,,,,,,,299
Otto de Dorinck 299.,Otto,,de Dorinck,,,,,,,,,299
Otto de Eglofstein 294.,Otto,,de Eglofstein,,,,,,,,,294
Otto de Falkenberg 299.,Otto,,de Falkenberg,,,,,,,,,299
Otto de Glesyn 385.,Otto,,de Glesyn,,,,,,,,,385
Otto de Hoynen 253.,Otto,,de Hoynen,,,,,,,,,253
Otto de Kucop 336.,Otto,,de Kucop,,,,,,,,,336
"Otto de Layming(en) (Laymungen, Laiminghen) 146 153 300 366.",Otto,,de Layming(en),"Laymungen, Laiminghen",,,,,,,,146 153 300 366
Otto de Milcz 301 311.,Otto,,de Milcz,,,,,,,,,301 311
Otto de Rupenicze 49.,Otto,,de Rupenicze,,,,,,,,,49
Otto de Vaure 301.,Otto,,de Vaure,,,,,,,,,301
Otto Doringelus 299.,Otto,,Doringelus,,,,,,,,,299
Otto dux Brunswic. etc. 64 392.,Otto,,,,,,,dux Brunswic. etc.,,,,64 392
Otto dux Saxonie et Bauarie 295.,Otto,,,,,,,dux Saxonie et Bauarie,,,,295
Otto ep. Havelb. 142 299.,Otto,,,,,,,ep. Havelb.,,,,142 299
Otto ep. Minden. 376.,Otto,,,,,,,ep. Minden.,,,,376
Otto ep. Monast. 109 166 167 252 280 299 345.,Otto,,,,,,,ep. Monast.,,,,109 166 167 252 280 299 345
Otto ep. Verden. 231.,Otto,,,,,,,ep. Verden.,,,,231
Otto Gertner 168 299.,Otto,,Gertner,,,,,,,,,168 299
Otto Grope 147.,Otto,,Grope,,,,,,,,,147
Otto Ortzhofer 126.,Otto,,Ortzhofer,,,,,,,,,126
Otto Ottonis 301.,Otto,,Ottonis,,,,,,,,,301
Otto Scoppengast 146.,Otto,,Scoppengast,,,,,,,,,146
Otto Steyner 52 315 398.,Otto,,Steyner,,,,,,,,,52 315 398
Otto Stuppel 321.,Otto,,Stuppel,,,,,,,,,321
Otto Wolff 254 301.,Otto,,Wolff,,,,,,,,,254 301
Otto Zestede 336.,Otto,,Zestede,,,,,,,,,336
Pantaleon de Bredis 398.,Pantaleon,,de Bredis,,,,,,,,,398
Paulus abb. mon. b. Marie Magdalene Plocen. 24.,Paulus,,,,,,,abb.,mon. b. Marie Magdalene Plocen.,,,24
Paulus al. Pawen de Crobbenberg 303.,Paulus,,de Crobbenberg,,Pawen,,,,,,,303
Paulus Andree de Bytzki (Biczkii) 302.,Paulus Andree,,de Bytzki,Biczkii,,,,,,,,302
Paulus de Cloetinghen 258 303.,Paulus,,de Cloetinghen,,,,,,,,,258 303
Paulus de Gelria 20.,Paulus,,de Gelria,,,,,,,,,20
Paulus de Pinquigny 304.,Paulus,,de Pinquigny,,,,,,,,,304
Paulus dict. Hetteler 219.,Paulus,,,,Hetteler,,,,,,,219
Paulus Grzysnislai 102.,Paulus,,Grzysnislai,,,,,,,,,102
Paulus Hohenkirchen 303.,Paulus,,Hohenkirchen,,,,,,,,,303
Paulus Kosla 282.,Paulus,,Kosla,,,,,,,,,282
Paulus Marklini de Hailpron 303.,Paulus Marklini,,de Hailpron,,,,,,,,,303
Paulus Martini de Czechow(o) 63 101 303.,Paulus Martini,,de Czechow(o),,,,,,,,,63 101 303
Paulus Monetarii 303.,Paulus,,Monetarii,,,,,,,,,303
Paulus Pelnhamer 303.,Paulus,,Pelnhamer,,,,,,,,,303
Paulus Petri 43.,Paulus,,Petri,,,,,,,,,43
Paulus Pizilrislai de Sobyeslaucze 311 312.,Paulus Pizilrislai,,de Sobyeslaucze,,,,,,,,,311 312
Paulus Prusze 290.,Paulus,,Prusze,,,,,,,,,290
Paulus Stanislai 291.,Paulus,,Stanislai,,,,,,,,,291
Paulus Wladimiri 304 398.,Paulus,,Wladimiri,,,,,,,,,304 398
Pawen v. Paulus.,Pawen,,,,,,,,,Paulus,,
Paxde Fantuccisde Bononia 223 364 365.,Paxde,,Fantuccisde Bononia,,,,,,,,,223 364 365
Pelka (Pelcza) Wlostiborii (Vlostiborii) de Grabowa 43 249 341.,Pelka,Pelcza,Wlostiborii,Vlostiborii,,,de Grabowa,,,,,43 249 341
Petrus (de) Amansia 25 228 308.,Petrus,,(de) Amansia,,,,,,,,,25 228 308
Petrus 25 200.,Petrus,,,,,,,,,,,25 200
Petrus abb. mon. b. Marie in Arena e. m. Wratisl. 308.,Petrus,,,,,,,abb.,mon. b. Marie in Arena e. m. Wratisl.,,,308
Petrus abb. mon. Prem. Laudun. dioc. 76.,Petrus,,,,,,,abb.,mon. Prem. Laudun. dioc.,,,76
Petrus abb. mon. Siticen. 307.,Petrus,,,,,,,abb.,mon. Siticen.,,,307
Petrus abb. mon. Strahouien. 9.,Petrus,,,,,,,abb.,mon. Strahouien.,,,9
Petrus aep. Magdeb. 138.,Petrus,,,,,,,aep. Magdeb.,,,,138
Petrus aep. Magunt. 295.,Petrus,,,,,,,aep. Magunt.,,,,295
Petrus Alberti de Cobilino 127 308.,Petrus Alberti,,de Cobilino,,,,,,,,,127 308
Petrus Bardelli 65 173 357.,Petrus,,Bardelli,,,,,,,,,65 173 357
Petrus Berolzhaimer 5.,Petrus,,Berolzhaimer,,,,,,,,,5
Petrus Boleste (Balste) de Pestouice 43 243 307 308.,Petrus Boleste,Balste,de Pestouice,,,,,,,,,43 243 307 308
Petrus Carronis de Prumno 60.,Petrus Carronis,,de Prumno,,,,,,,,,60
Petrus Causser 66.,Petrus,,Causser,,,,,,,,,66
Petrus Curopatzwa (Curopachwa) 103 233.,Petrus,,Curopatzwa,Curopachwa,,,,,,,,103 233
Petrus de Arssen 308.,Petrus,,de Arssen,,,,,,,,,308
Petrus de Blikyngen 224.,Petrus,,de Blikyngen,,,,,,,,,224
Petrus de Boeten 80.,Petrus,,de Boeten,,,,,,,,,80
Petrus de Bruxellis (Bruxella) 214 309.,Petrus,,de Bruxellis,Bruxella,,,,,,,,214 309
Petrus de Buckenheim 309.,Petrus,,de Buckenheim,,,,,,,,,309
Petrus de Cancelariis 31.,Petrus,,de Cancelariis,,,,,,,,,31
Petrus de Gengenbach 310.,Petrus,,de Gengenbach,,,,,,,,,310
Petrus de Gualfredinis de Verona 25.,Petrus,,de Gualfredinis,,,,de Verona,,,,,25
Petrus de Kempen 168.,Petrus,,de Kempen,,,,,,,,,168
Petrus de Luna v. Benedictus XIII. pp. 312.,Petrus,,de Luna,,,,,,,Benedictus XIII. pp,,312
Petrus de Lynden 312.,Petrus,,de Lynden,,,,,,,,,312
Petrus de Mera 63 83 104 129 133 142 163 165 183 216 229 249 265 266 275 290 313 341 388 391 394 395 396.,Petrus,,de Mera,,,,,,,,,63 83 104 129 133 142 163 165 183 216 229 249 265 266 275 290 313 341 388 391 394 395 396
Petrus de Meysenbach 313.,Petrus,,de Meysenbach,,,,,,,,,313
Petrus de Monaco 25 137.,Petrus,,de Monaco,,,,,,,,,25 137
Petrus de Nouaindagine 58 204 314.,Petrus,,de Nouaindagine,,,,,,,,,58 204 314
Petrus de Nowicz 314.,Petrus,,de Nowicz,,,,,,,,,314
Petrus de Pairgin (?) 184.,Petrus,,de Pairgin,,,,?,,,,,184
Petrus de Reychenbach 47.,Petrus,,de Reychenbach,,,,,,,,,47
Petrus de Ruppe 193.,Petrus,,de Ruppe,,,,,,,,,193
Petrus de Spuro 318.,Petrus,,de Spuro,,,,,,,,,318
Petrus de Tornaco 283.,Petrus,,de Tornaco,,,,,,,,,283
Petrus de Trento 280 320.,Petrus,,de Trento,,,,,,,,,280 320
Petrus de Trilia 118.,Petrus,,de Trilia,,,,,,,,,118
Petrus de Valkendael 328.,Petrus,,de Valkendael,,,,,,,,,328
Petrus de Wolfram 399.,Petrus,,de Wolfram,,,,,,,,,399
Petrus de Wserob (Vserob) 49 113 229.,Petrus,,de Wserob,Vserob,,,,,,,,49 113 229
Petrus diac. card. ss. Cosme et Damiani resp. s. Angeli 24 136 233 237 307.,Petrus,,,,,,,diac. card. ss. Cosme et Damiani resp. s. Angeli,,,,24 136 233 237 307
Petrus dict. Heumkaer 219.,Petrus,,,,Heumkaer,,,,,,,219
Petrus dict. Naegher 8.,Petrus,,,,Naegher,,,,,,,8
Petrus dict. Spengler 95.,Petrus,,,,Spengler,,,,,,,95
Petrus Driskewicz de Olsna 309.,Petrus Driskewicz,,de Olsna,,,,,,,,,309
Petrus Echter (Echtir) 309.,Petrus,,Echter,Echtir,,,,,,,,309
Petrus Egidii 26.,Petrus,,Egidii,,,,,,,,,26
Petrus Einach 294.,Petrus,,Einach,,,,,,,,,294
Petrus Engeler de Slawpicz 310.,Petrus Engeler,,de Slawpicz,,,,,,,,,310
Petrus ep. Favent. 25.,Petrus,,,,,,,ep. Favent.,,,,25
Petrus ep. Lexouien. 249.,Petrus,,,,,,,ep. Lexouien.,,,,249
Petrus ep. Poznan. resp. Cracov. 39 49 307.,Petrus,,,,,,,ep. Poznan. resp. Cracov.,,,,39 49 307
Petrus ep. Ripen. 307.,Petrus,,,,,,,ep. Ripen.,,,,307
Petrus Esching 93.,Petrus,,Esching,,,,,,,,,93
Petrus Eychenholczer (Eycenholczer) 310.,Petrus,,Eychenholczer,Eycenholczer,,,,,,,,310
Petrus Fabiani 310.,Petrus,,Fabiani,,,,,,,,,310
Petrus Fridé 58 132 177 198 202 210 213 244 397.,Petrus,,Fridé,,,,,,,,,58 132 177 198 202 210 213 244 397
Petrus Gliewitz 113.,Petrus,,Gliewitz,,,,,,,,,113
Petrus Gobelini de Siberg 310.,Petrus Gobelini,,de Siberg,,,,,,,,,310
Petrus Gotfridi de Hachinberg 310.,Petrus Gotfridi,,de Hachinberg,,,,,,,,,310
Petrus Gyrik 228 310.,Petrus,,Gyrik,,,,,,,,,228 310
Petrus Haidebeck 398.,Petrus,,Haidebeck,,,,,,,,,398
Petrus Halaerd (Alaerd) 310.,Petrus,,Halaerd,Alaerd,,,,,,,,310
"Petrus Heltburg (Helburge, de Helburg) 301 311 346.",Petrus,,Heltburg,"Helburge, de Helburg",,,,,,,,301 311 346
Petrus Henrici Kote 311.,Petrus,,Henrici Kote,,,,,,,,,311
Petrus Heyncze de Brega 311.,Petrus Heyncze,,de Brega,,,,,,,,,311
Petrus Hildebrandi 25 150 311.,Petrus,,Hildebrandi,,,,,,,,,25 150 311
Petrus Hugonis 311.,Petrus,,Hugonis,,,,,,,,,311
Petrus Johannis de Sobieslaucze 311.,Petrus Johannis,,de Sobieslaucze,,,,,,,,,311
Petrus Kipiska 309.,Petrus,,Kipiska,,,,,,,,,309
Petrus Kosla 282.,Petrus,,Kosla,,,,,,,,,282
Petrus Langh de Vilghen 312.,Petrus Langh,,de Vilghen,,,,,,,,,312
Petrus Leonis 17.,Petrus,,Leonis,,,,,,,,,17
Petrus Liebinger 312.,Petrus,,Liebinger,,,,,,,,,312
Petrus Lindenow 312.,Petrus,,Lindenow,,,,,,,,,312
Petrus Lotteri 312.,Petrus,,Lotteri,,,,,,,,,312
Petrus Lowe 312.,Petrus,,Lowe,,,,,,,,,312
Petrus Mediatoris 312.,Petrus,,Mediatoris,,,,,,,,,312
Petrus Mercatoris 313.,Petrus,,Mercatoris,,,,,,,,,313
"Petrus Nemen al. Neman (Niemann, Nemo) 92 219 399.",Petrus,,Nemen,,"Neman (Niemann, Nemo)",,,,,,,92 219 399
Petrus Nicolai 398.,Petrus,,Nicolai,,,,,,,,,398
Petrus Nicolai de Boguslaucze 339.,Petrus Nicolai,,de Boguslaucze,,,,,,,,,339
Petrus Nicolai de Luna 313.,Petrus Nicolai,,de Luna,,,,,,,,,313
Petrus Norberti 313.,Petrus,,Norberti,,,,,,,,,313
Petrus Nuege 314.,Petrus,,Nuege,,,,,,,,,314
Petrus Pauli 314.,Petrus,,Pauli,,,,,,,,,314
Petrus Peheim de Nuremberga 314.,Petrus Peheim,,de Nuremberga,,,,,,,,,314
Petrus Philippi Flathe de Swarczinberg 314.,Petrus Philippi Flathe,,de Swarczinberg,,,,,,,,,314
Petrus Pongueterii (Ponterii) 314 398.,Petrus,,Pongueterii,Ponterii,,,,,,,,314 398
Petrus Porissoni 194.,Petrus,,Porissoni,,,,,,,,,194
Petrus Post 180.,Petrus,,Post,,,,,,,,,180
Petrus precept. dom. s. Antonii in Tempzin 307.,Petrus,,,,,,,precept.,dom. s. Antonii in Tempzin,,,307
Petrus presb. card. tit. s. Grisogoni Camerac. nuncup. 70 158 304—307 371.,Petrus,,,,,,,presb. card. tit. s. Grisogoni Camerac. nuncup.,,,,70 158 304—307 371
Petrus Prunczlin 125.,Petrus,,Prunczlin,,,,,,,,,125
Petrus Pullificis 315.,Petrus,,Pullificis,,,,,,,,,315
Petrus Pyentzenawer (Pyentzenauuer) 19 377.,Petrus,,Pyentzenawer,Pyentzenauuer,,,,,,,,19 377
Petrus Quentin(i) de Ortenberg 96 201 204 208 277 287 315 397 398.,Petrus Quentin(i),,de Ortenberg,,,,,,,,,96 201 204 208 277 287 315 397 398
Petrus Rack 275.,Petrus,,Rack,,,,,,,,,275
Petrus Reyndel (Reindel) 123 164 316 320.,Petrus,,Reyndel,Reindel,,,,,,,,123 164 316 320
Petrus Rimanni de Wartenbergh 398.,Petrus Rimanni,,de Wartenbergh,,,,,,,,,398
Petrus Rosenberg(h) 141 149.,Petrus,,Rosenberg(h),,,,,,,,,141 149
Petrus Roslow 316.,Petrus,,Roslow,,,,,,,,,316
Petrus Scalpipe 25 117 196 216 316.,Petrus,,Scalpipe,,,,,,,,,25 117 196 216 316
Petrus Schnechler 317.,Petrus,,Schnechler,,,,,,,,,317
Petrus Schoet al. Zuderladen 317.,Petrus,,Schoet,,Zuderladen,,,,,,,317
Petrus Schrotinger 262.,Petrus,,Schrotinger,,,,,,,,,262
Petrus Siffridi 303.,Petrus,,Siffridi,,,,,,,,,303
Petrus Sim(i)ler (Simeler) de Rotenburg 25 89 317.,Petrus Sim(i)ler,Simeler,de Rotenburg,,,,,,,,,25 89 317
Petrus Slich 317.,Petrus,,Slich,,,,,,,,,317
Petrus Span 318.,Petrus,,Span,,,,,,,,,318
Petrus Stage 282.,Petrus,,Stage,,,,,,,,,282
Petrus Stech(ch)ow 276 318 399.,Petrus,,Stech(ch)ow,,,,,,,,,276 318 399
Petrus Strelin 318.,Petrus,,Strelin,,,,,,,,,318
Petrus Surmont (Suermont) 45 84 92 110 162 286 314 318 340.,Petrus,,Surmont,Suermont,,,,,,,,45 84 92 110 162 286 314 318 340
Petrus Swanczaher 284.,Petrus,,Swanczaher,,,,,,,,,284
Petrus Tarwilr (Terwilr) 319.,Petrus,,Tarwilr,Terwilr,,,,,,,,319
Petrus Termolen de Hirberg 319.,Petrus Termolen,,de Hirberg,,,,,,,,,319
Petrus Teschener 319.,Petrus,,Teschener,,,,,,,,,319
Petrus Textoris 114.,Petrus,,Textoris,,,,,,,,,114
Petrus Theotonikus 319.,Petrus,,Theotonikus,,,,,,,,,319
Petrus Tinghei 209.,Petrus,,Tinghei,,,,,,,,,209
Petrus Tirgharte 319.,Petrus,,Tirgharte,,,,,,,,,319
Petrus Tirionis de Luczemburch 319.,Petrus Tirionis,,de Luczemburch,,,,,,,,,319
Petrus Tolkner 89.,Petrus,,Tolkner,,,,,,,,,89
Petrus Toppold 321.,Petrus,,Toppold,,,,,,,,,321
Petrus Vnor Medick 121 320.,Petrus,,Vnor Medick,,,,,,,,,121 320
Petrus Vogt de Beringen 320.,Petrus Vogt,,de Beringen,,,,,,,,,320
Petrus Warer (Vauer) 62.,Petrus,,Warer,Vauer,,,,,,,,62
Petrus Winterhaber de Ferriminera 291.,Petrus Winterhaber,,de Ferriminera,,,,,,,,,291
Petrus Zolner de Lauffen 275 320.,Petrus Zolner,,de Lauffen,,,,,,,,,275 320
Petrus Zumrasze 320.,Petrus,,Zumrasze,,,,,,,,,320
Petrussa (Piil) 99.,Petrussa,,,,,,Piil,,,,,99
Philippus 102.,Philippus,,,,,,,,,,,102
Philippus com. de Nassaw 321.,Philippus,,,,,,,com. de Nassaw,,,,321
Philippus de Bruna 25.,Philippus,,de Bruna,,,,,,,,,25
Philippus de Buczpach 296.,Philippus,,de Buczpach,,,,,,,,,296
Philippus de Leyden 180.,Philippus,,de Leyden,,,,,,,,,180
Philippus de Prossmaritz 321.,Philippus,,de Prossmaritz,,,,,,,,,321
Philippus de Wassenar 321.,Philippus,,de Wassenar,,,,,,,,,321
Philippus Delbene 170 321 365.,Philippus,,Delbene,,,,,,,,,170 321 365
Philippus Rubel 321.,Philippus,,Rubel,,,,,,,,,321
Philippus Thomasi 321.,Philippus,,Thomasi,,,,,,,,,321
"Pileus ep. Tusculan., quondam presb. card. tit. s. Praxedis 323.",Pileus,,,,,,,ep. Tusculan. quondam presb. card. tit. s. Praxedis,,,,323
Pilgrimus de Czigenberg 321.,Pilgrimus,,de Czigenberg,,,,,,,,,321
Pilgrinus de Valkummarkt 321.,Pilgrinus,,de Valkummarkt,,,,,,,,,321
Popko de Terrise 321.,Popko,,de Terrise,,,,,,,,,321
Preduogius Derslai de Grandi 322.,Preduogius Derslai,,de Grandi,,,,,,,,,322
"Procoz (Proczus, Broczo) bar. de Querfurt (Quernforde, Quernfort) 130 322.",Procoz,"Proczus, Broczo",,,,,"Quernforde, Quernfort",bar. de Querfurt,,,,130 322
Przibislaus el. Dognen. 322.,Przibislaus,,,,,,,el. Dognen.,,,,322
Raczko de Tripelnowicz 366.,Raczko,,de Tripelnowicz,,,,,,,,,366
Radekinus Wildenbrok 322.,Radekinus,,Wildenbrok,,,,,,,,,322
Radolphus Schrewer 207 323.,Radolphus,,Schrewer,,,,,,,,,207 323
Radulphus abb. mon. s. Lamberti 323.,Radulphus,,,,,,,abb.,mon. s. Lamberti,,,323
Radulphus ep. Meten. resp. Novion. 85 273 278 322 323 336 342.,Radulphus,,,,,,,ep. Meten. resp. Novion.,,,,85 273 278 322 323 336 342
Radulphus Isenache 187.,Radulphus,,Isenache,,,,,,,,,187
Raynaldus diac. card. s. Viti in Macello 128 131 159 324.,Raynaldus,,,,,,,diac. card. s. Viti in Macello,,,,128 131 159 324
Raynerius Drynen 344.,Raynerius,,Drynen,,,,,,,,,344
Reimpertus bar. de Walssee 324.,Reimpertus,,,,,,,bar. de Walssee,,,,324
Reinardus Stahler 326.,Reinardus,,Stahler,,,,,,,,,326
Reinbertus List 106.,Reinbertus,,List,,,,,,,,,106
Reinfridus Ludeking 326.,Reinfridus,,Ludeking,,,,,,,,,326
Reinhardus Schirmer 326.,Reinhardus,,Schirmer,,,,,,,,,326
Reinpertus Susenhaimmer 313.,Reinpertus,,Susenhaimmer,,,,,,,,,313
Renaldus ep. Meten. 273.,Renaldus,,,,,,,ep. Meten.,,,,273
Requinus Cortenacke 56.,Requinus,,Cortenacke,,,,,,,,,56
Reymarus Zestede 336.,Reymarus,,Zestede,,,,,,,,,336
Reynaldus dux Juliacen. et Gelrie 106 188 235 327.,Reynaldus,,,,,,,dux Juliacen. et Gelrie,,,,106 188 235 327
Reynerus de Arnhem (Arnheim) 58 324.,Reynerus,,de Arnhem,Arnheim,,,,,,,,58 324
Reynerus de Holtorp 257.,Reynerus,,de Holtorp,,,,,,,,,257
Reynerus de Kalue 83.,Reynerus,,de Kalue,,,,,,,,,83
Reynerus Johannes Lanwardi de Grauia 325.,Reynerus Johannes Lanwardi,,de Grauia,,,,,,,,,325
Reynerus Lulle de Huysen 325.,Reynerus Lulle,,de Huysen,,,,,,,,,325
Reynerus van den Bongart 325.,Reynerus,,van den Bongart,,,,,,,,,325
Reynhardus (Reynherus) de Bibra 163.,Reynhardus,Reynherus,de Bibra,,,,,,,,,163
Reynhardus bar. de Haynow 326.,Reynhardus,,,,,,,bar. de Haynow,,,,326
Ricaldus de Merode 326.,Ricaldus,,de Merode,,,,,,,,,326
Ricardus (Richardus) Glider (Glyder) 122 327.,Ricardus,Richardus,Glider,Glyder,,,,,,,,122 327
Ricardus Coci 327.,Ricardus,,Coci,,,,,,,,,327
Ricardus Zibiandi de Warbicze 178.,Ricardus Zibiandi,,de Warbicze,,,,,,,,,178
Richardus de Amoribus 326.,Richardus,,de Amoribus,,,,,,,,,326
Richardus dec. eccl. s. Andree Lubbecen. 174.,Richardus,,,,,,,dec.,eccl. s. Andree Lubbecen.,,,174
Richardus Ficking 327.,Richardus,,Ficking,,,,,,,,,327
Ricoldus Hurter 326.,Ricoldus,,Hurter,,,,,,,,,326
Ricxa (Doringelus) 299.,Ricxa,,,,,,Doringelus,,,,,299
Robertus abb. mon. in Hude 327.,Robertus,,,,,,,abb.,mon. in Hude,,,327
Robertus de Sanctolaurentio 325.,Robertus,,de Sanctolaurentio,,,,,,,,,325
Robertus dux Lignicen. 263.,Robertus,,,,,,,dux Lignicen.,,,,263
Robertus Heuxbeck 327.,Robertus,,Heuxbeck,,,,,,,,,327
Robertus prep. mon. in Tzeuana 246.,Robertus,,,,,,,prep.,mon. in Tzeuana,,,246
Rodegerus Schiben 399.,Rodegerus,,Schiben,,,,,,,,,399
Rodolfus Deys 329.,Rodolfus,,Deys,,,,,,,,,329
Rodolfus Robring (Nombenich) 330.,Rodolfus,,Robring,,,,Nombenich,,,,,330
Rodulphus Tymmerman 267.,Rodulphus,,Tymmerman,,,,,,,,,267
Roricus abb. mon. in Mergenstat 327.,Roricus,,,,,,,abb.,mon. in Mergenstat,,,327
Roricus abb. mon. s. Maximini e. m. Trev. 258.,Roricus,,,,,,,abb.,mon. s. Maximini e. m. Trev.,,,258
Rudegerus (Rogerus) Regeldorffer 328 385.,Rudegerus,Rogerus,Regeldorffer,,,,,,,,,328 385
Rudigerius Juncker 111.,Rudigerius,,Juncker,,,,,,,,,111
"Rudolfus (Radulphus) Thettikouer (Tettynkouer, Tetichouer) 330 331.",Rudolfus,Radulphus,Thettikouer,"Tettynkouer, Tetichouer",,,,,,,,330 331
Rudolfus de Omstat 218.,Rudolfus,,de Omstat,,,,,,,,,218
Rudolphus (Rodolphus) Tettynkouer (Tettikofer) al. Zapf(f) 330 331.,Rudolphus,Rodolphus,Tettynkouer,Tettikofer,Zapf(f),,,,,,,330 331
Rudolphus (Rodulphus) ep. Misn. 176 221 329.,Rudolphus,Rodulphus,,,,,,ep. Misn.,,,,176 221 329
Rudolphus abb. mon. in Wormbach 329 365.,Rudolphus,,,,,,,abb.,mon. in Wormbach,,,329 365
Rudolphus Amfeld 329.,Rudolphus,,Amfeld,,,,,,,,,329
Rudolphus Belheim (Bellheim) 180 186.,Rudolphus,,Belheim,Bellheim,,,,,,,,180 186
Rudolphus de Bretach 86.,Rudolphus,,de Bretach,,,,,,,,,86
Rudolphus de Hedersleue 217.,Rudolphus,,de Hedersleue,,,,,,,,,217
Rudolphus de Meldingen 27.,Rudolphus,,de Meldingen,,,,,,,,,27
Rudolphus de Plawnitz 53.,Rudolphus,,de Plawnitz,,,,,,,,,53
Rudolphus de Rinach 219.,Rudolphus,,de Rinach,,,,,,,,,219
Rudolphus de Trostberg 73.,Rudolphus,,de Trostberg,,,,,,,,,73
Rudolphus de Werdemberg 331.,Rudolphus,,de Werdemberg,,,,,,,,,331
Rudolphus dux Austrie 153 331.,Rudolphus,,,,,,,dux Austrie,,,,153 331
Rudolphus dux Saxonie 329.,Rudolphus,,,,,,,dux Saxonie,,,,329
Rudolphus Gamme 330.,Rudolphus,,Gamme,,,,,,,,,330
Rudolphus Hase 209.,Rudolphus,,Hase,,,,,,,,,209
Rudolphus Luti (Luci) 330.,Rudolphus,,Luti,Luci,,,,,,,,330
Rudolphus rex Roman. 337.,Rudolphus,,,,,,,rex Roman.,,,,337
Rudolphus Spiczli 239 399.,Rudolphus,,Spiczli,,,,,,,,,239 399
Rudolphus thesaur. eccl. Argent. 329.,Rudolphus,,,,,,,thesaur.,eccl. Argent.,,,329
Ruggerus (Rogerius) Broechusen (Bruchhusen) de Murse (Morse) 328.,Ruggerus,Rogerius,Broechusen,Bruchhusen; Morse,,,de Murse,,,,,328
Ruggerus de Drone 187.,Ruggerus,,de Drone,,,,,,,,,187
Ruggerus Volstal 366.,Ruggerus,,Volstal,,,,,,,,,366
Rugherus de Diick 57 328.,Rugherus,,de Diick,,,,,,,,,57 328
Rupertus Cosner (Casner) 331.,Rupertus,,Cosner,Casner,,,,,,,,331
"Rupertus de Bauaria, rex Roman. 13 263 267.",Rupertus,,de Bauaria,,,,,rex Roman.,,,,13 263 267
Rupertus de Welcz 300 332.,Rupertus,,de Welcz,,,,,,,,,300 332
Rupertus Holnekker 331.,Rupertus,,Holnekker,,,,,,,,,331
Rynaldinus de Scolari de Colonia 6.,Rynaldinus,,de Scolari,,,,de Colonia,,,,,6
Salomo 7.,Salomo,,,,,,,,,,,7
Sanderus Marteshusen 332 400.,Sanderus,,Marteshusen,,,,,,,,,332 400
Sandziwogius de Ostrorog 332.,Sandziwogius,,de Ostrorog,,,,,,,,,332
Sbigneus dict. Rzesothko 338.,Sbigneus,,,,Rzesothko,,,,,,,338
Sbigneus Johannis de Oleserincza 332.,Sbigneus Johannis,,de Oleserincza,,,,,,,,,332
Sbinko aep. Prag. 98.,Sbinko,,,,,,,aep. Prag.,,,,98
Scakko Rantzw 266.,Scakko,,Rantzw,,,,,,,,,266
Scheyfardus van Meroyde 332.,Scheyfardus,,van Meroyde,,,,,,,,,332
"Schurpher (Scurpher, Schurffer) 41 101 300 360.",Schurpher,"Scurpher, Schurffer",,,,,,,,,,41 101 300 360
Schutteke v. Stutteke.,Schutteke,,,,,,,,,Stutteke,,
Scizesto Laurentii de Walnowo 333.,Scizesto Laurentii,,de Walnowo,,,,,,,,,333
Scolastica (duxissa Sagone et Slesie) 192.,Scolastica,,,,,,duxissa Sagone et Slesie,,,,,192
Sdenko de Chrast 49.,Sdenko,,de Chrast,,,,,,,,,49
Sebaldus Tucher de Nurimberga 333.,Sebaldus Tucher,,de Nurimberga,,,,,,,,,333
Sebastianus Albinus 333.,Sebastianus,,Albinus,,,,,,,,,333
Sebastianus de Thaim (Tain) 216.,Sebastianus,,de Thaim,Tain,,,,,,,,216
Seghardus Balk 48.,Seghardus,,Balk,,,,,,,,,48
Seghebandus Stoer 333.,Seghebandus,,Stoer,,,,,,,,,333
Seyfridus Hausner 334.,Seyfridus,,Hausner,,,,,,,,,334
Seyfridus Mack 189.,Seyfridus,,Mack,,,,,,,,,189
Seyfridus Meinberger 205.,Seyfridus,,Meinberger,,,,,,,,,205
Sibba Kenisna 104.,Sibba,,Kenisna,,,,,,,,,104
Siboldus Walteri 187.,Siboldus,,Walteri,,,,,,,,,187
Siffridus aep. Magunt. 295.,Siffridus,,,,,,,aep. Magunt.,,,,295
Siffridus de Runkil 10.,Siffridus,,de Runkil,,,,,,,,,10
Siffridus de Vrden (Verden) 83.,Siffridus,,de Vrden,Verden,,,,,,,,83
Siffridus Houteleyo 220.,Siffridus,,Houteleyo,,,,,,,,,220
Siffridus Siffridi de Igstad 334.,Siffridus Siffridi,,de Igstad,,,,,,,,,334
Sifridus abb. mon. in Elwangen 244.,Sifridus,,,,,,,abb.,mon. in Elwangen,,,244
Sifridus de Montemartis 201.,Sifridus,,de Montemartis,,,,,,,,,201
Sigismundus 321.,Sigismundus,,,,,,,,,,,321
Sigismundus de Leonrod (Leonrode) 334.,Sigismundus,,de Leonrod,Leonrode,,,,,,,,334
Sigismundus de Lubschow 142.,Sigismundus,,de Lubschow,,,,,,,,,142
Sigismundus Domerig 334.,Sigismundus,,Domerig,,,,,,,,,334
Sigismundus Dompnik 282.,Sigismundus,,Dompnik,,,,,,,,,282
Sigismundus Peyserer 334.,Sigismundus,,Peyserer,,,,,,,,,334
Sigismundus rex Roman. et Vngarie 47 69 70 111 170 180 238 243 151 258 280 306 320 328 334 342 347 368 398.,Sigismundus,,,,,,,rex Roman. et Vngarie,,,,47 69 70 111 170 180 238 243 151 258 280 306 320 328 334 342 347 368 398
Sigismundus Rudusch 111.,Sigismundus,,Rudusch,,,,,,,,,111
Sigismundus Wakkerczil 335.,Sigismundus,,Wakkerczil,,,,,,,,,335
Siliola relicta Wenzeslai ducis de Saxonia 335.,Siliola,,,,,relicta Wenzeslai ducis de Saxonia,,,,,,335
Simon de Bondemontibus 335.,Simon,,de Bondemontibus,,,,,,,,,335
Simon dict. Segemunde 296.,Simon,,,,Segemunde,,,,,,,296
Simon Malcos 275.,Simon,,Malcos,,,,,,,,,275
Simon Nicolai de Harlem 336.,Simon Nicolai,,de Harlem,,,,,,,,,336
Sophia (de Bibersten) 147.,Sophia,,,,,,de Bibersten,,,,,147
Sophia (de Wertheim) 279.,Sophia,,,,,,de Wertheim,,,,,279
Sophia (Gruhsen) 42.,Sophia,,,,,,Gruhsen,,,,,42
Sophia abbat. mon. Stellissanc temarie 276.,Sophia,,,,,,,abbat.,mon. Stellissanc temarie,,,276
Sophia de Enze 337.,Sophia,,de Enze,,,,,,,,,337
Sophia regina Boemie 98.,Sophia,,,,,,,regina Boemie,,,,98
Sophia relicta Johannis Sung 337.,Sophia,,,,,relicta Johannis Sung,,,,,,337
Sophya (de Plesse) 144.,Sophya,,,,,,de Plesse,,,,,144
Splinterus de Vliet 355.,Splinterus,,de Vliet,,,,,,,,,355
Stanislaus al. Czolk (Czolck) Andree de Borzez 338.,Stanislaus,,de Borzez,,Czolk (Czolck) Andree,,,,,,,338
Stanislaus Clerica 101.,Stanislaus,,Clerica,,,,,,,,,101
Stanislaus Johannes Lindenast de Legnitz 281.,Stanislaus Johannes Lindenast,,de Legnitz,,,,,,,,,281
Stanislaus Lini 102.,Stanislaus,,Lini,,,,,,,,,102
Stanislaus Mrokonis de Guatoronze 338.,Stanislaus Mrokonis,,de Guatoronze,,,,,,,,,338
"Stanislaus Petri de Bruchana (de Sadec, Sadeck) al. Mroczkonis 338.",Stanislaus Petri,,de Bruchana,,Mroczkonis,,"de Sadec, Sadeck",,,,,338
Stanislaus Stanislai 69.,Stanislaus,,Stanislai,,,,,,,,,69
Stedeke 190.,Stedeke,,,,,,,,,,,190
Stephanus abb. mon. Rosacen. 39.,Stephanus,,,,,,,abb.,mon. Rosacen.,,,39
Stephanus Bartholomei de Carneszewo 338.,Stephanus Bartholomei,,de Carneszewo,,,,,,,,,338
Stephanus Beheim (Beham) 165 339.,Stephanus,,Beheim,Beham,,,,,,,,165 339
Stephanus Boni 339.,Stephanus,,Boni,,,,,,,,,339
Stephanus Caluis 367.,Stephanus,,Caluis,,,,,,,,,367
Stephanus Czebinger de Chremsa 339.,Stephanus Czebinger,,de Chremsa,,,,,,,,,339
Stephanus de Appsp erg 111.,Stephanus,,de Appsperg,,,,,,,,,111
Stephanus de Dorn dorff 339 343 344.,Stephanus,,de Dorndorff,,,,,,,,,339 343 344
Stephanus de Salteponen 340.,Stephanus,,de Salteponen,,,,,,,,,340
Stephanus dux Bauarie 191 277.,Stephanus,,,,,,,dux Bauarie,,,,191 277
Stephanus ep. Vulter. 354.,Stephanus,,,,,,,ep. Vulter.,,,,354
Stephanus Graebel 339.,Stephanus,,Graebel,,,,,,,,,339
Stephanus Johannis de Krumenaw 339.,Stephanus Johannis,,de Krumenaw,,,,,,,,,339
Stephanus Lamperti de Numkilch 340.,Stephanus Lamperti,,de Numkilch,,,,,,,,,340
Stephanus Opdenkelre (Optenkelre) 169.,Stephanus,,Opdenkelre,Optenkelre,,,,,,,,169
Stephanus prep. mon. s. Floriani 17.,Stephanus,,,,,,,prep.,mon. s. Floriani,,,17
Stephanus Rauynger 340.,Stephanus,,Rauynger,,,,,,,,,340
Stephanus Satelpoger 27.,Stephanus,,Satelpoger,,,,,,,,,27
Stephanus Strol(l) 125 340.,Stephanus,,Strol(l),,,,,,,,,125 340
Stephanus Tyrenstayn 118.,Stephanus,,Tyrenstayn,,,,,,,,,118
Stephanus Zorn 340.,Stephanus,,Zorn,,,,,,,,,340
Stiborius (Tiberius) Nicolai Jastrobecz 43 341.,Stiborius,Tiberius,Nicolai Jastrobecz,,,,,,,,,43 341
Sture (Stucke) Smid (Smyt) 190.,Sture,Stucke,Smid,Smyt,,,,,,,,190
"Stutteke (Stucken, Schutteke) 190 266.",Stutteke,"Stucken, Schutteke",,,,,,,,,,190 266
Styna (de Eluer) 90.,Styna,,,,,,de Eluer,,,,,90
Suederus Biscopinch 280.,Suederus,,Biscopinch,,,,,,,,,280
"Swantoborius (Swantoburus, Swantiburus) dux Stetin. 341 361.",Swantoborius,"Swantoburus, Swantiburus",,,,,,dux Stetin.,,,,341 361
Swederus (Suederus) de Culenborch (Columburg) 341.,Swederus,Suederus,de Culenborch,,,,Columburg,,,,,341
Swederus Cruze 330.,Swederus,,Cruze,,,,,,,,,330
Syfridus (Siffridus) Sack 334.,Syfridus,Siffridus,Sack,,,,,,,,,334
Syfridus de Broel 168.,Syfridus,,de Broel,,,,,,,,,168
Symon Bergosz 335.,Symon,,Bergosz,,,,,,,,,335
Symon de Burmonte 371.,Symon,,de Burmonte,,,,,,,,,371
Symon de Cy lia 340.,Symon,,de Cylia,,,,,,,,,340
Symon de Grandi 268 335 400.,Symon,,de Grandi,,,,,,,,,268 335 400
Symon de Mota 159.,Symon,,de Mota,,,,,,,,,159
Symon de Prato 287.,Symon,,de Prato,,,,,,,,,287
Symon Gileti 46 101 316 335.,Symon,,Gileti,,,,,,,,,46 101 316 335
Symon Honofrii de Prato 200 336.,Symon Honofrii,,de Prato,,,,,,,,,200 336
Symon Mathie 62.,Symon,,Mathie,,,,,,,,,62
Symon Symonis dict. Strale de Kintzich 336.,Symon Symonis,,de Kintzich,,Strale,,,,,,,336
Symundus de Wintertur 335.,Symundus,,de Wintertur,,,,,,,,,335
Symundus Lichtenberch 203.,Symundus,,Lichtenberch,,,,,,,,,203
Teobaldus de Dompnobasolo 342.,Teobaldus,,de Dompnobasolo,,,,,,,,,342
Terricus de Turri 194.,Terricus,,de Turri,,,,,,,,,194
Theobaldus (de Schenghen) 240.,Theobaldus,,,,,,de Schenghen,,,,,240
Theobaldus 392.,Theobaldus,,,,,,,,,,,392
Theodatus 27.,Theodatus,,,,,,,,,,,27
Theodericus (Dytherus) Schenk de Erpach 133 350.,Theodericus,Dytherus,Schenk,,,,de Erpach,,,,,133 350
Theodericus (Thedericus) 27 221.,Theodericus,Thedericus,,,,,,,,,,27 221
Theodericus (Theodorus) Luchten (Luthen) 346 349.,Theodericus,Theodorus,Luchten,Luthen,,,,,,,,346 349
Theodericus (Thidericus) de Murssen; aep. Colon. 152 347.,Theodericus,Thidericus,de Murssen,,,,,aep. Colon.,,,,152 347
Theodericus (Thidericus) Kastede 343.,Theodericus,Thidericus,Kastede,,,,,,,,,343
Theodericus Angeler 231.,Theodericus,,Angeler,,,,,,,,,231
Theodericus Anselmi 138.,Theodericus,,Anselmi,,,,,,,,,138
Theodericus bar. de Isenburg 346.,Theodericus,,,,,,,bar. de Isenburg,,,,346
Theodericus Bastheim al. Arnstede 96.,Theodericus,,Bastheim,,Arnstede,,,,,,,96
Theodericus Beer 400.,Theodericus,,Beer,,,,,,,,,400
Theodericus Beitel 325.,Theodericus,,Beitel,,,,,,,,,325
Theodericus Bloime 20.,Theodericus,,Bloime,,,,,,,,,20
Theodericus Boller 343.,Theodericus,,Boller,,,,,,,,,343
Theodericus Botener 386.,Theodericus,,Botener,,,,,,,,,386
Theodericus Byschoffeheyn 343.,Theodericus,,Byschoffeheyn,,,,,,,,,343
Theodericus de Benten al. de Zitterden 166.,Theodericus,,de Benten,,de Zitterden,,,,,,,166
Theodericus de Benthem 393.,Theodericus,,de Benthem,,,,,,,,,393
Theodericus de Boecholdia (Boechout) 27 343.,Theodericus,,de Boecholdia,Boechout,,,,,,,,27 343
Theodericus de Broech 232.,Theodericus,,de Broech,,,,,,,,,232
Theodericus de Crakenberg (Crakenberch) 344 402.,Theodericus,,de Crakenberg,Crakenberch,,,,,,,,344 402
Theodericus de Cruczeburg (Crutzenburgh) 22 344.,Theodericus,,de Cruczeburg,Crutzenburgh,,,,,,,,22 344
Theodericus de Eychinberg 345.,Theodericus,,de Eychinberg,,,,,,,,,345
Theodericus de His 330.,Theodericus,,de His,,,,,,,,,330
Theodericus de Hoensperg 345.,Theodericus,,de Hoensperg,,,,,,,,,345
Theodericus de Hohensten 189.,Theodericus,,de Hohensten,,,,,,,,,189
Theodericus de Horst 345.,Theodericus,,de Horst,,,,,,,,,345
Theodericus de Jasso 132 343.,Theodericus,,de Jasso,,,,,,,,,132 343
Theodericus de Kolen 123.,Theodericus,,de Kolen,,,,,,,,,123
Theodericus de Lapide 27.,Theodericus,,de Lapide,,,,,,,,,27
Theodericus de Laucher 78 346.,Theodericus,,de Laucher,,,,,,,,,78 346
Theodericus de Marke 79.,Theodericus,,de Marke,,,,,,,,,79
Theodericus de Minden 347.,Theodericus,,de Minden,,,,,,,,,347
Theodericus de Moe////ente 347.,Theodericus,,de Moe////ente,,,,,,,,,347
Theodericus de Moylant 347.,Theodericus,,de Moylant,,,,,,,,,347
Theodericus de Mueden 324.,Theodericus,,de Mueden,,,,,,,,,324
Theodericus de Nyem 400.,Theodericus,,de Nyem,,,,,,,,,400
Theodericus de Reys 242.,Theodericus,,de Reys,,,,,,,,,242
Theodericus de Schermer 171 313.,Theodericus,,de Schermer,,,,,,,,,171 313
Theodericus de Wammel 299.,Theodericus,,de Wammel,,,,,,,,,299
Theodericus de Wasnaer 180.,Theodericus,,de Wasnaer,,,,,,,,,180
Theodericus de Wermond 351.,Theodericus,,de Wermond,,,,,,,,,351
Theodericus dict. Koning 89.,Theodericus,,,,Koning,,,,,,,89
Theodericus Eghardi 345.,Theodericus,,Eghardi,,,,,,,,,345
Theodericus Embeke 402.,Theodericus,,Embeke,,,,,,,,,402
Theodericus Ensonis 345.,Theodericus,,Ensonis,,,,,,,,,345
Theodericus ep. Acconen. 94.,Theodericus,,,,,,,ep. Acconen.,,,,94
Theodericus ep. Bersab. 174.,Theodericus,,,,,,,ep. Bersab.,,,,174
Theodericus Fabri 345.,Theodericus,,Fabri,,,,,,,,,345
Theodericus Fransoys 345.,Theodericus,,Fransoys,,,,,,,,,345
Theodericus Ghiir 281.,Theodericus,,Ghiir,,,,,,,,,281
Theodericus Goch 393.,Theodericus,,Goch,,,,,,,,,393
Theodericus Hesse 296.,Theodericus,,Hesse,,,,,,,,,296
Theodericus Hoffer 395.,Theodericus,,Hoffer,,,,,,,,,395
Theodericus Houelman 400.,Theodericus,,Houelman,,,,,,,,,400
Theodericus Israel 343.,Theodericus,,Israel,,,,,,,,,343
Theodericus Kalkar 109.,Theodericus,,Kalkar,,,,,,,,,109
Theodericus Keueler 252 265.,Theodericus,,Keueler,,,,,,,,,252 265
Theodericus Keymerich 344.,Theodericus,,Keymerich,,,,,,,,,344
Theodericus Knawt 245.,Theodericus,,Knawt,,,,,,,,,245
Theodericus Ludosco 187.,Theodericus,,Ludosco,,,,,,,,,187
Theodericus Mangold 346.,Theodericus,,Mangold,,,,,,,,,346
Theodericus Meteken (Metteken) 347.,Theodericus,,Meteken,Metteken,,,,,,,,347
Theodericus Meynesti 346.,Theodericus,,Meynesti,,,,,,,,,346
Theodericus Mompleyer 347.,Theodericus,,Mompleyer,,,,,,,,,347
Theodericus Petri 347.,Theodericus,,Petri,,,,,,,,,347
Theodericus Petri Vandenhoeck 348.,Theodericus,,Petri Vandenhoeck,,,,,,,,,348
Theodericus Philippi de Wassenaer 348.,Theodericus Philippi,,de Wassenaer,,,,,,,,,348
Theodericus Ploczin 348.,Theodericus,,Ploczin,,,,,,,,,348
Theodericus Pogel 378.,Theodericus,,Pogel,,,,,,,,,378
Theodericus Polczin 330.,Theodericus,,Polczin,,,,,,,,,330
Theodericus Potter 348.,Theodericus,,Potter,,,,,,,,,348
Theodericus Rabil (Rabel) 120 349.,Theodericus,,Rabil,Rabel,,,,,,,,120 349
Theodericus Rallsingher 262.,Theodericus,,Rallsingher,,,,,,,,,262
Theodericus Ram 349 400.,Theodericus,,Ram,,,,,,,,,349 400
"Theodericus Reseler, el. Tarbat. 150 162 296 346 349 400.",Theodericus,,Reseler,,,,,el. Tarbat.,,,,150 162 296 346 349 400
Theodericus Roeuer 351.,Theodericus,,Roeuer,,,,,,,,,351
Theodericus Rost 287.,Theodericus,,Rost,,,,,,,,,287
Theodericus Rouer 350.,Theodericus,,Rouer,,,,,,,,,350
Theodericus Runstede 89.,Theodericus,,Runstede,,,,,,,,,89
Theodericus Sachteleuent 144.,Theodericus,,Sachteleuent,,,,,,,,,144
Theodericus Schutten 269.,Theodericus,,Schutten,,,,,,,,,269
Theodericus Sculten 122.,Theodericus,,Sculten,,,,,,,,,122
Theodericus Stael 280 374.,Theodericus,,Stael,,,,,,,,,280 374
Theodericus Stauffer 350.,Theodericus,,Stauffer,,,,,,,,,350
Theodericus Sureppe 389.,Theodericus,,Sureppe,,,,,,,,,389
Theodericus Swarting 178.,Theodericus,,Swarting,,,,,,,,,178
Theodericus ten Zulen 350.,Theodericus,,ten Zulen,,,,,,,,,350
Theodericus Tongnaghel 350.,Theodericus,,Tongnaghel,,,,,,,,,350
Theodericus Tyedboel 350.,Theodericus,,Tyedboel,,,,,,,,,350
Theodericus Vlimyng de Dauentria 351,Theodericus Vlimyng,,de Dauentria,,,,,,,,,351
Theodericus Voghelsucce 280.,Theodericus,,Voghelsucce,,,,,,,,,280
Theodericus Volchonis 277.,Theodericus,,Volchonis,,,,,,,,,277
Theodericus Weert 351.,Theodericus,,Weert,,,,,,,,,351
Theodericus Zobel 351.,Theodericus,,Zobel,,,,,,,,,351
Theodericus Zollner 127.,Theodericus,,Zollner,,,,,,,,,127
Theoderius Henzonis 345.,Theoderius,,Henzonis,,,,,,,,,345
"Theophilus de Opul (Opil, Opol) 28 50 82 260 298 351.",Theophilus,,de Opul,"Opil, Opol",,,,,,,,28 50 82 260 298 351
Theoricus abb. mon. Corbien. quondam in Hasunghen 342.,Theoricus,,,,,,,abb.,mon. Corbien. quondam in Hasunghen,,,342
Thericus Stephani de Sanctobalsamo 46,Thericus Stephani,,de Sanctobalsamo,,,,,,,,,46
Thidericus de Steynhus 222.,Thidericus,,de Steynhus,,,,,,,,,222
Thidericus Siuerdeshusen 72 265.,Thidericus,,Siuerdeshusen,,,,,,,,,72 265
Thidericus Wentorp 351.,Thidericus,,Wentorp,,,,,,,,,351
Thilimanus de Maganza 221.,Thilimanus,,de Maganza,,,,,,,,,221
"Thimo bar. de Coldicz, ep. Misn. 28 329",Thimo,,,,,,,bar. de Coldicz ep. Misn.,,,,28 329
Thomas (Winter) ep. Signen. 351.,Thomas,,,,,,Winter,ep. Signen.,,,,351
Thomas 351.,Thomas,,,,,,,,,,,351
Thomas Alenspacher 168.,Thomas,,Alenspacher,,,,,,,,,168
Thomas Benedicti de Wiid 351.,Thomas Benedicti,,de Wiid,,,,,,,,,351
Thomas de Linea 352.,Thomas,,de Linea,,,,,,,,,352
Thomas de Zichenis 354.,Thomas,,de Zichenis,,,,,,,,,354
Thomas dict. Thomisschik 354.,Thomas,,,,Thomisschik,,,,,,,354
Thomas Grebmik 352.,Thomas,,Grebmik,,,,,,,,,352
Thomas Grossel 352.,Thomas,,Grossel,,,,,,,,,352
Thomas Hadmar 352.,Thomas,,Hadmar,,,,,,,,,352
Thomas Henrici de Furstenfelt 352.,Thomas Henrici,,de Furstenfelt,,,,,,,,,352
Thomas Johannis 352.,Thomas,,Johannis,,,,,,,,,352
Thomas Lohel (Lochel) de Ferriminer 287 291.,Thomas Lohel,Lochel,de Ferriminer,,,,,,,,,287 291
Thomas mag. gen. ord. Pred. 6.,Thomas,,,,,,,mag. gen. ord. Pred.,,,,6
Thomas Mas 29 220 353.,Thomas,,Mas,,,,,,,,,29 220 353
Thomas Mawter de Stain 353.,Thomas Mawter,,de Stain,,,,,,,,,353
Thomas Mulle 353.,Thomas,,Mulle,,,,,,,,,353
Thomas Pleintinger (Cleyncinger) 353.,Thomas,,Pleintinger,Cleyncinger,,,,,,,,353
Thomas Rethaimer 353.,Thomas,,Rethaimer,,,,,,,,,353
Thomas Riethamer (Riethaimer) 354 360.,Thomas,,Riethamer,Riethaimer,,,,,,,,354 360
Thomas Sleher 354.,Thomas,,Sleher,,,,,,,,,354
Thomas Stanislai 302.,Thomas,,Stanislai,,,,,,,,,302
Thomas Wirt de Laugingen 354.,Thomas Wirt,,de Laugingen,,,,,,,,,354
Thomasinus Norbart 316.,Thomasinus,,Norbart,,,,,,,,,316
Thomasius de Montecaluo 354.,Thomasius,,de Montecaluo,,,,,,,,,354
Tiberius v. Stiborius.,Tiberius,,,,,,,,,Stiborius,,
Tiboldus al. dict. Anton 355.,Tiboldus,,,,Anton,,,,,,,355
Tidemannus Blanckart 347.,Tidemannus,,Blanckart,,,,,,,,,347
Tidemannus Junghe 83.,Tidemannus,,Junghe,,,,,,,,,83
Tidericus Appelhoker 343.,Tidericus,,Appelhoker,,,,,,,,,343
Tidericus Burkardi 41.,Tidericus,,Burkardi,,,,,,,,,41
Tidericus Gallen 157.,Tidericus,,Gallen,,,,,,,,,157
Tidericus Hindenborch 144.,Tidericus,,Hindenborch,,,,,,,,,144
Tielmannus Vanderstegen 325.,Tielmannus,,Vanderstegen,,,,,,,,,325
Tileke de Houerden 222.,Tileke,,de Houerden,,,,,,,,,222
Tilemannus Haghemeister 29.,Tilemannus,,Haghemeister,,,,,,,,,29
Tilimannus Marpurger 355.,Tilimannus,,Marpurger,,,,,,,,,355
"Tilmannus (Tilemannus) Torman (Thor-man, Torneman) 148 225 248 389.",Tilmannus,Tilemannus,Torman,"Thorman, Torneman",,,,,,,,148 225 248 389
Tilmannus de Smalenborch 38 234 254.,Tilmannus,,de Smalenborch,,,,,,,,,38 234 254
Tilmannus de Vdem 135.,Tilmannus,,de Vdem,,,,,,,,,135
Tilmannus Ecsteyn 266.,Tilmannus,,Ecsteyn,,,,,,,,,266
Tilmannus Pluntz de Euskirchen 393.,Tilmannus Pluntz,,de Euskirchen,,,,,,,,,393
Tilmannus Wasseli 355.,Tilmannus,,Wasseli,,,,,,,,,355
Tilo de Sebech 355.,Tilo,,de Sebech,,,,,,,,,355
Timmo Rennow (Rynnowen) 190 336,Timmo,,Rennow,Rynnowen,,,,,,,,190 336
Troyanus de Grabow 357.,Troyanus,,de Grabow,,,,,,,,,357
Trutza (Span) 318.,Trutza,,,,,,Span,,,,,318
Tydemannus Vpteende 373.,Tydemannus,,Vpteende,,,,,,,,,373
Tylemannus Hottirman 355.,Tylemannus,,Hottirman,,,,,,,,,355
Tylmannus de Attendorn 355.,Tylmannus,,de Attendorn,,,,,,,,,355
Tymmo Meynestorp 337.,Tymmo,,Meynestorp,,,,,,,,,337
Vdelhilda (com. de Magdeburga al. de Hardeck) 223.,Vdelhilda,,,,,,com. de Magdeburga al. de Hardeck,,,,,223
Venantius not. ap. sed. 216.,Venantius,,,,,,,not. ap. sed.,,,,216
Venslaus ep. Sarepten. 363.,Venslaus,,,,,,,ep. Sarepten.,,,,363
"Venslaus, Vinceslaus s. Wenceslaus.",Venslaus,Vinceslaus,,,,,,,,Wenceslaus,,
Vgolinus de Presbyteris 172.,Vgolinus,,de Presbyteris,,,,,,,,,172
Vicko Vickonis 357.,Vicko,,Vickonis,,,,,,,,,357
Vigilius Dominici de Tridento 233.,Vigilius Dominici,,de Tridento,,,,,,,,,233
Vincentius Johannis Cursoris de Jordansmole 168 358.,Vincentius Johannis Cursoris,,de Jordansmole,,,,,,,,,168 358
Vincentius Johanns de Falkenberg 401.,Vincentius Johanns,,de Falkenberg,,,,,,,,,401
Vincentius Thomislai de Szuriko 358.,Vincentius Thomislai,,de Szuriko,,,,,,,,,358
Vitalis ep. Arien. 90.,Vitalis,,,,,,,ep. Arien.,,,,90
Vitus de Waltersperig 358.,Vitus,,de Waltersperig,,,,,,,,,358
Vlbodus 358.,Vlbodus,,,,,,,,,,,358
Vlmannus de Dymenrade 296.,Vlmannus,,de Dymenrade,,,,,,,,,296
Vlmannus Hospes 358.,Vlmannus,,Hospes,,,,,,,,,358
Vlramus v. Oleramus.,Vlramus,,,,,,,,,Oleramus,,
Vlricus (Vdalricus) 151 229.,Vlricus,Vdalricus,,,,,,,,,,151 229
Vlricus abb. mon. s. Michaelis Luneborg. 235.,Vlricus,,,,,,,abb.,mon. s. Michaelis Luneborg.,,,235
Vlricus advocatus de Amatia etc. 61.,Vlricus,,,,,,,advocatus de Amatia etc.,,,,61
Vlricus Andree 359.,Vlricus,,Andree,,,,,,,,,359
Vlricus Blarrer 30 180 214 309.,Vlricus,,Blarrer,,,,,,,,,30 180 214 309
Vlricus Burggrauii (Burg[r]auì) 93 135 359.,Vlricus,,Burggrauii,Burg[r]auì,,,,,,,,93 135 359
Vlricus Burgower 221.,Vlricus,,Burgower,,,,,,,,,221
Vlricus Busch 359.,Vlricus,,Busch,,,,,,,,,359
Vlricus Choluser 359.,Vlricus,,Choluser,,,,,,,,,359
Vlricus Czinge(r)l 359 401.,Vlricus,,Czinge(r)l,,,,,,,,,359 401
Vlricus de Alemannia 358.,Vlricus,,de Alemannia,,,,,,,,,358
Vlricus de Bysel 287.,Vlricus,,de Bysel,,,,,,,,,287
Vlricus de Spira 282 360.,Vlricus,,de Spira,,,,,,,,,282 360
Vlricus de Teyffach 278.,Vlricus,,de Teyffach,,,,,,,,,278
Vlricus de Vestenberg 249 361.,Vlricus,,de Vestenberg,,,,,,,,,249 361
Vlricus de Wamberehz 234.,Vlricus,,de Wamberehz,,,,,,,,,234
Vlricus dux de Dek 188 261 358.,Vlricus,,,,,,,dux de Dek,,,,188 261 358
Vlricus ep. Brixin. 116 119 126.,Vlricus,,,,,,,ep. Brixin.,,,,116 119 126
Vlricus ep. Nuemb. 13.,Vlricus,,,,,,,ep. Nuemb.,,,,13
Vlricus ep. Verden. 15 357.,Vlricus,,,,,,,ep. Verden.,,,,15 357
Vlricus Gruber 359.,Vlricus,,Gruber,,,,,,,,,359
Vlricus Gulsen al. de Heidensheim 359.,Vlricus,,Gulsen,,de Heidensheim,,,,,,,359
Vlricus Gusman (Eusman) 129 292.,Vlricus,,Gusman,Eusman,,,,,,,,129 292
Vlricus Hausman 37.,Vlricus,,Hausman,,,,,,,,,37
Vlricus Hawsecker 401.,Vlricus,,Hawsecker,,,,,,,,,401
Vlricus Hiller 354 360.,Vlricus,,Hiller,,,,,,,,,354 360
Vlricus Junchere 208.,Vlricus,,Junchere,,,,,,,,,208
Vlricus Konzinger 203.,Vlricus,,Konzinger,,,,,,,,,203
Vlricus Langenhuser 388.,Vlricus,,Langenhuser,,,,,,,,,388
Vlricus Lichtenekker 312.,Vlricus,,Lichtenekker,,,,,,,,,312
Vlricus Litscher 189.,Vlricus,,Litscher,,,,,,,,,189
Vlricus Musaff 84 298.,Vlricus,,Musaff,,,,,,,,,84 298
Vlricus Muttel 69.,Vlricus,,Muttel,,,,,,,,,69
Vlricus Niderhofer 359.,Vlricus,,Niderhofer,,,,,,,,,359
Vlricus Oder 93.,Vlricus,,Oder,,,,,,,,,93
Vlricus Olpawchs de Sweimbart 359.,Vlricus Olpawchs,,de Sweimbart,,,,,,,,,359
Vlricus Orami com. de Ortenberg 359.,Vlricus,,Orami,,,,,com. de Ortenberg,,,,359
Vlricus Ottenpergher 304.,Vlricus,,Ottenpergher,,,,,,,,,304
Vlricus Presperger 359.,Vlricus,,Presperger,,,,,,,,,359
Vlricus Prunhouer 360.,Vlricus,,Prunhouer,,,,,,,,,360
Vlricus Redwitz 360.,Vlricus,,Redwitz,,,,,,,,,360
Vlricus Rersperger 360.,Vlricus,,Rersperger,,,,,,,,,360
Vlricus scol. eccl. b. Marie in Campise. m. Magunt. 116.,Vlricus,,,,,,,scol.,eccl. b. Marie in Campise. m. Magunt.,,,116
Vlricus Segelbach 360.,Vlricus,,Segelbach,,,,,,,,,360
Vlricus Smiringer 360.,Vlricus,,Smiringer,,,,,,,,,360
Vlricus Stahel 354 360.,Vlricus,,Stahel,,,,,,,,,354 360
Vlricus Stiercher 304.,Vlricus,,Stiercher,,,,,,,,,304
Vlricus Strasser 261.,Vlricus,,Strasser,,,,,,,,,261
Vlricus Swab 360.,Vlricus,,Swab,,,,,,,,,360
Vlricus Trap 359.,Vlricus,,Trap,,,,,,,,,359
Vlricus Vilecing 111.,Vlricus,,Vilecing,,,,,,,,,111
Vlricus Voyt 73.,Vlricus,,Voyt,,,,,,,,,73
Vlricus Waler 153 298.,Vlricus,,Waler,,,,,,,,,153 298
Vlricus Werneri (Wernheri) 55 133 266.,Vlricus,,Werneri,Wernheri,,,,,,,,55 133 266
Vlricus Wirt 354.,Vlricus,,Wirt,,,,,,,,,354
Vlricus Wulfing de Geysenueld 244.,Vlricus Wulfing,,de Geysenueld,,,,,,,,,244
Vlricus Wynkel 361.,Vlricus,,Wynkel,,,,,,,,,361
Volczekinus Elscholt (Elsholt) 361.,Volczekinus,,Elscholt,Elsholt,,,,,,,,361
Volmarus de Andertem 222.,Volmarus,,de Andertem,,,,,,,,,222
Voppo Johannes 372.,Voppo,,Johannes,,,,,,,,,372
Vrbanus Burner de Dribolsheim 361.,Vrbanus Burner,,de Dribolsheim,,,,,,,,,361
Vrbanus Martini 362.,Vrbanus,,Martini,,,,,,,,,362
Vrbanus VI. pp. 29.,Vrbanus VI.,,,,,,,pp.,,,,29
Vrsula (Dapiferi de Waltpurg) 205.,Vrsula,,,,,,Dapiferi de Waltpurg,,,,,205
Vrsula (Verber) 54.,Vrsula,,,,,,Verber,,,,,54
Vrsula dict. Nagerinn 362.,Vrsula,,,,Nagerinn,,,,,,,362
Vrsula relicta Richardi de Elma 362.,Vrsula,,,,,relicta Richardi de Elma,,,,,,362
Vrsula Seyfridi Pfytzyng 211.,Vrsula,,Seyfridi Pfytzyng,,,,,,,,,211
Vulframus ep. 209.,Vulframus,,,,,,,ep.,,,,209
Walramus abb. mon. Stabulen. ac Mandarien. 145.,Walramus,,,,,,,abb.,mon. Stabulen. ac Mandarien.,,,145
Walramus bar. de Breroden 362.,Walramus,,,,,,,bar. de Breroden,,,,362
Walramus de Kerpen 362.,Walramus,,de Kerpen,,,,,,,,,362
Walterus de End 362.,Walterus,,de End,,,,,,,,,362
Walterus de Foucolcuria 85.,Walterus,,de Foucolcuria,,,,,,,,,85
Walterus Ditwini de Wildunghen 320 362.,Walterus Ditwini,,de Wildunghen,,,,,,,,,320 362
Walterus ep. Merseb. 362.,Walterus,,,,,,,ep. Merseb.,,,,362
Walterus Himelrich 269.,Walterus,,Himelrich,,,,,,,,,269
Walterus Johannes Walteri 363.,Walterus,,Johannes Walteri,,,,,,,,,363
Walterus Reck 363.,Walterus,,Reck,,,,,,,,,363
Waltherus Manher 363.,Waltherus,,Manher,,,,,,,,,363
Waltherus Sosener (Sefener) 363.,Waltherus,,Sosener,Sefener,,,,,,,,363
Wasmodus de Oestwik 395.,Wasmodus,,de Oestwik,,,,,,,,,395
Wedekindus Speghel (Spigil) 269 363.,Wedekindus,,Speghel,Spigil,,,,,,,,269 363
Weickardus (Weykardus) 260.,Weickardus,Weykardus,,,,,,,,,,260
"Wenc(z)eslaus (Vinceslaus) Thyen (Thiem, Thien) 30 88 210 223 30 329 364 388.",Wenc(z)eslaus,Vinceslaus,Thyen,"Thiem, Thien",,,,,,,,30 88 210 223 302 329 364 388
Wenceslaus 392.,Wenceslaus,,,,,,,,,,,392
Wenceslaus de Molta 111.,Wenceslaus,,de Molta,,,,,,,,,111
Wenceslaus de Oisterhofen 364.,Wenceslaus,,de Oisterhofen,,,,,,,,,364
Wenceslaus ep. Wratisl. 30 76 82 191 263 276 281 295 344 357 363 375.,Wenceslaus,,,,,,,ep. Wratisl.,,,,30 76 82 191 263 276 281 295 344 357 363 375
Wenceslaus Knobelouch 251.,Wenceslaus,,Knobelouch,,,,,,,,,251
Wenceslaus Leupoldi 364.,Wenceslaus,,Leupoldi,,,,,,,,,364
Wenceslaus Rom. et Boemie rex 23 30 98 111 375.,Wenceslaus,,Rom. et Boemie,,,,,rex,,,,23 30 98 111 375
Wenceslaus Swartze 364.,Wenceslaus,,Swartze,,,,,,,,,364
Wenemarus ep. Naturen. 110.,Wenemarus,,,,,,,ep. Naturen.,,,,110
Wenemarus Heket 366.,Wenemarus,,Heket,,,,,,,,,366
Wenemarus Vrunt 20.,Wenemarus,,Vrunt,,,,,,,,,20
Wenzeslaus Bezekow 402.,Wenzeslaus,,Bezekow,,,,,,,,,402
Weremboldus de Teghelen 256.,Weremboldus,,de Teghelen,,,,,,,,,256
Werinboldus de Backerweerde 129.,Werinboldus,,de Backerweerde,,,,,,,,,129
Werner(i)us aep. Trev. 180 366.,Werner(i)us,,,,,,,aep. Trev.,,,,180 366
Wernerus Bruggenkote 225.,Wernerus,,Bruggenkote,,,,,,,,,225
Wernerus de Hanstede 367.,Wernerus,,de Hanstede,,,,,,,,,367
Wernerus de Went 366.,Wernerus,,de Went,,,,,,,,,366
Wernerus dec. ecl. b. Marie Hamburg 201.,Wernerus,,,,,,,dec. ecl. b. Marie Hamburg,,,,201
Wernerus Houeman 187.,Wernerus,,Houeman,,,,,,,,,187
Wernerus Magerey (Margerey) 73.,Wernerus,,Magerey,Margerey,,,,,,,,73
Wernerus Oss 80.,Wernerus,,Oss,,,,,,,,,80
Wernerus Schalarii 73.,Wernerus,,Schalarii,,,,,,,,,73
Wernerus Stadis 367.,Wernerus,,Stadis,,,,,,,,,367
Wernerus Thedingen 367.,Wernerus,,Thedingen,,,,,,,,,367
Wernhardus v. Bernhardus.,Wernhardus,,,,,,,,,Bernhardus,,
Wernherus (Wernerius) Aufliger (Aufliger) 110 366.,Wernherus,Wernerius,Aufliger,Aufliger,,,,,,,,110 366
Wernherus abb. mon. s. Albani e. m. Magunt. 140.,Wernherus,,,,,,,abb.,mon. s. Albani e. m. Magunt.,,,140
Wernherus aep. Magunt. 357.,Wernherus,,,,,,,aep. Magunt.,,,,357
Wernherus de Frankenhusen 343 344.,Wernherus,,de Frankenhusen,,,,,,,,,343 344
Wernherus Dephorrr 367.,Wernherus,,Dephorrr,,,,,,,,,367
Wernherus Kale 296.,Wernherus,,Kale,,,,,,,,,296
Wernherus Magney 260.,Wernherus,,Magney,,,,,,,,,260
Wernherus Mosheymcr 206.,Wernherus,,Mosheymcr,,,,,,,,,206
Wernherus Pachmair 367.,Wernherus,,Pachmair,,,,,,,,,367
Wernherus Spaczingcr 74.,Wernherus,,Spaczingcr,,,,,,,,,74
Wernherus Weyspeckh (Wayspach Wenspeckh) 367.,Wernherus,,Weyspeckh,Wayspach Wenspeckh,,,,,,,,367
Wesselus Rodolphi de Gore 367.,Wesselus Rodolphi,,de Gore,,,,,,,,,367
Wesselus ten Gadcm 350.,Wesselus,,ten Gadcm,,,,,,,,,350
Weynkina (Arnoldi Streuels) 47.,Weynkina,,,,,,Arnoldi Streuels,,,,,47
Wicbertus de Potensten 12.,Wicbertus,,de Potensten,,,,,,,,,12
Wigandus Schiit 367.,Wigandus,,Schiit,,,,,,,,,367
Wigandus Stalberg 243.,Wigandus,,Stalberg,,,,,,,,,243
Wigandus Widenpusch 274.,Wigandus,,Widenpusch,,,,,,,,,274
Wigilus Schenk de Geyrn 368.,Wigilus Schenk,,de Geyrn,,,,,,,,,368
Wildericus de Mitra 219 300.,Wildericus,,de Mitra,,,,,,,,,219 300
"Wilhelmus (Guiellermus, Guillielmus, Guilhelmus) dux de Bauaria etc. 16 31 60 114 279.",Wilhelmus,"Guiellermus, Guillielmus, Guilhelmus",,,,,,dux de Bauaria etc.,,,,16 31 60 114 279
"Wilhelmus (Guielmus) de Zale (Zael, Sale, Sael) 62 225 373.",Wilhelmus,Guielmus,de Zale,"Zael, Sale, Sael",,,,,,,,62 225 373
Wilhelmus (Gulielmus) de Leonrod(e) (Leonrad) 361 372.,Wilhelmus,Gulielmus,de Leonrod(e),Leonrad,,,,,,,,361 372
"Wilhelmus (Willermus) de Diest, el. Argent. 30 32 81 94 189 217 371.",Wilhelmus,Willermus,de Diest,,,,,el. Argent.,,,,30 32 81 94 189 217 371
Wilhelmus Anstel 370.,Wilhelmus,,Anstel,,,,,,,,,370
Wilhelmus Auring 390.,Wilhelmus,,Auring,,,,,,,,,390
Wilhelmus Beck 136.,Wilhelmus,,Beck,,,,,,,,,136
Wilhelmus Bodeke 370.,Wilhelmus,,Bodeke,,,,,,,,,370
Wilhelmus Boeberch 154.,Wilhelmus,,Boeberch,,,,,,,,,154
Wilhelmus Buser 173.,Wilhelmus,,Buser,,,,,,,,,173
Wilhelmus com. Cilie 170.,Wilhelmus,,,,,,,com. Cilie,,,,170
Wilhelmus com. Holandie 131.,Wilhelmus,,,,,,,com. Holandie,,,,131
Wilhelmus Creyenschace 371.,Wilhelmus,,Creyenschace,,,,,,,,,371
Wilhelmus Czolinger 334.,Wilhelmus,,Czolinger,,,,,,,,,334
Wilhelmus de Bibra 154.,Wilhelmus,,de Bibra,,,,,,,,,154
Wilhelmus de Calker 136.,Wilhelmus,,de Calker,,,,,,,,,136
Wilhelmus de Falkensteyn 371.,Wilhelmus,,de Falkensteyn,,,,,,,,,371
Wilhelmus de Ghent 371.,Wilhelmus,,de Ghent,,,,,,,,,371
Wilhelmus de Goch 371.,Wilhelmus,,de Goch,,,,,,,,,371
Wilhelmus de Mara 350.,Wilhelmus,,de Mara,,,,,,,,,350
"Wilhelmus de Monte, el. Padeb. 145 221 240 348 370.",Wilhelmus,,de Monte,,,,,el. Padeb.,,,,145 221 240 348 370
Wilhelmus de Parma 118 237 345.,Wilhelmus,,de Parma,,,,,,,,,118 237 345
Wilhelmus de Ramesdorf 373.,Wilhelmus,,de Ramesdorf,,,,,,,,,373
Wilhelmus de Valkenstein 81.,Wilhelmus,,de Valkenstein,,,,,,,,,81
Wilhelmus de Vrelenberg (Vrelemborch) al. de Wach 177 374.,Wilhelmus,,de Vrelenberg,Vrelemborch,de Wach,,,,,,,177 374
Wilhelmus de Wal 374.,Wilhelmus,,de Wal,,,,,,,,,374
Wilhelmus de Wlaten al. de Tulpeto 393.,Wilhelmus,,de Wlaten,,de Tulpeto,,,,,,,393
Wilhelmus de Wye 402.,Wilhelmus,,de Wye,,,,,,,,,402
Wilhelmus Dietrich de Ratolficella 371.,Wilhelmus Dietrich,,de Ratolficella,,,,,,,,,371
Wilhelmus domic. de Arkel 166 370.,Wilhelmus,,,,,,,domic. de Arkel,,,,166 370
Wilhelmus Ellici 371.,Wilhelmus,,Ellici,,,,,,,,,371
Wilhelmus ep. Tullen. 292.,Wilhelmus,,,,,,,ep. Tullen.,,,,292
Wilhelmus Firseken 93.,Wilhelmus,,Firseken,,,,,,,,,93
Wilhelmus Forster 111.,Wilhelmus,,Forster,,,,,,,,,111
Wilhelmus Galler 371.,Wilhelmus,,Galler,,,,,,,,,371
Wilhelmus Henrici Nolle 372.,Wilhelmus,,Henrici Nolle,,,,,,,,,372
Wilhelmus Hollander 132.,Wilhelmus,,Hollander,,,,,,,,,132
Wilhelmus Huysrouweken (Huesrouweken) de Bocholt (Bocholdia) 30 372.,Wilhelmus Huysrouweken,Huesrouweken,de Bocholt,Bocholdia,,,,,,,,30 372
Wilhelmus Johannes Kuits de Melnskerke 372.,Wilhelmus Johannes Kuits,,de Melnskerke,,,,,,,,,372
Wilhelmus Koelcz 250.,Wilhelmus,,Koelcz,,,,,,,,,250
Wilhelmus Lamberti 291.,Wilhelmus,,Lamberti,,,,,,,,,291
Wilhelmus lantgr. Thuringie 12 13 373.,Wilhelmus,,,,,,,lantgr. Thuringie,,,,12 13 373
Wilhelmus Leo (Leonis) 355 372.,Wilhelmus,,Leo,Leonis,,,,,,,,355 372
Wilhelmus marchio Misn. 332 366.,Wilhelmus,,,,,,,marchio Misn.,,,,332 366
Wilhelmus Maren 208.,Wilhelmus,,Maren,,,,,,,,,208
Wilhelmus prep. mon. in Polngen 303.,Wilhelmus,,,,,,,prep.,mon. in Polngen,,,303
Wilhelmus prior priorat. Consecrati-sanctipetri e. m. Ratisp. 98.,Wilhelmus,,,,,,,prior priorat. Consecratisanctipetri e. m. Ratisp.,,,,98
Wilhelmus Rodolphi de Hoekelem 373.,Wilhelmus Rodolphi,,de Hoekelem,,,,,,,,,373
Wilhelmus Rost 373 390.,Wilhelmus,,Rost,,,,,,,,,373 390
Wilhelmus Steenken 356.,Wilhelmus,,Steenken,,,,,,,,,356
Wilhelmus Thorp 373.,Wilhelmus,,Thorp,,,,,,,,,373
Wilhelmus Tul 374.,Wilhelmus,,Tul,,,,,,,,,374
Wilhelmus Turs 374.,Wilhelmus,,Turs,,,,,,,,,374
Wilhelmus Vindelant 25.,Wilhelmus,,Vindelant,,,,,,,,,25
Wilhelmus Vpdysere al. Vanderhagen 183 239.,Wilhelmus,,Vpdysere,,Vanderhagen,,,,,,,183 239
"Wilhelmus Willich (Wileche, Wilche) 344 374.",Wilhelmus,,Willich,"Wileche, Wilche",,,,,,,,344 374
Willekinus Langhelo 57.,Willekinus,,Langhelo,,,,,,,,,57
Willelmus Hainer 402.,Willelmus,,Hainer,,,,,,,,,402
Willelmus Ylbyni 402.,Willelmus,,Ylbyni,,,,,,,,,402
Willermus de Dompnobazelo (Dompnobasolo) 159 371.,Willermus,,de Dompnobazelo,Dompnobasolo,,,,,,,,159 371
Winandus Alestont 169.,Winandus,,Alestont,,,,,,,,,169
Winandus de Johanniscuria 18.,Winandus,,de Johanniscuria,,,,,,,,,18
Winceslaus dux Lignicen. 263.,Winceslaus,,,,,,,dux Lignicen.,,,,263
Windelen (Crusen) 172.,Windelen,,,,,,Crusen,,,,,172
Wisschalz Grisnizkii de Golambino 375.,Wisschalz Grisnizkii,,de Golambino,,,,,,,,,375
Witting (Wytinch) 190.,Witting,Wytinch,,,,,,,,,,190
Wittoldus v. Alexander.,Wittoldus,,,,,,,,,Alexander,,
Wladislaus rex Polonie 46 49 69 102 133 244 272 285 289 314 332 338 357 369.,Wladislaus,,,,,,,rex Polonie,,,,46 49 69 102 133 244 272 285 289 314 332 338 357 369
Wlfgangus Johannis de Lokh 375.,Wlfgangus Johannis,,de Lokh,,,,,,,,,375
Wolfgangus Clementis 375.,Wolfgangus,,Clementis,,,,,,,,,375
Wolfhardus Salczman 149.,Wolfhardus,,Salczman,,,,,,,,,149
Wolfo Vomstain 375.,Wolfo,,Vomstain,,,,,,,,,375
Wolframus Grube 239.,Wolframus,,Grube,,,,,,,,,239
Wrgelo zu der golden luffe 376.,Wrgelo,,zu der golden luffe,,,,,,,,,376
Wulbrandus ep. Minden. 342.,Wulbrandus,,,,,,,ep. Minden.,,,,342
"Wulfardus (Wulfardus) Pogwisk (Poggewys, Pogwisch) 190 336.",Wulfardus,Wulfardus,Pogwisk,"Poggewys, Pogwisch",,,,,,,,190 336
Wulfardus Panczowe 375.,Wulfardus,,Panczowe,,,,,,,,,375
Wulffingus de Fladinez 375.,Wulffingus,,de Fladinez,,,,,,,,,375
Wygandus Trerer 368.,Wygandus,,Trerer,,,,,,,,,368
Wyhelmus Petri Willaerts 373.,Wyhelmus,,Petri Willaerts,,,,,,,,,373
Wynandus de Twielo 280 374.,Wynandus,,de Twielo,,,,,,,,,280 374
Wynandus Oeuerstege 63.,Wynandus,,Oeuerstege,,,,,,,,,63
Wyricus de Trentingen 375.,Wyricus,,de Trentingen,,,,,,,,,375
Ylanda (de Assendelf) 65.,Ylanda,,,,,,de Assendelf,,,,,65
Ytelo Birchtel (Brichtel) 298.,Ytelo,,Birchtel,Brichtel,,,,,,,,298
Zacharias Ridler 376.,Zacharias,,Ridler,,,,,,,,,376
